Date,sp600,sp500
2020-01-02,30.053529739379883,3257.85009765625
2020-01-03,29.93386459350586,3234.85009765625
2020-01-06,29.9982967376709,3246.280029296875
2020-01-07,29.91545867919922,3237.179931640625
2020-01-08,29.970687866210938,3253.050048828125
2020-01-09,30.016714096069336,3274.699951171875
2020-01-10,29.878633499145508,3265.35009765625
2020-01-13,30.09954261779785,3288.1298828125
2020-01-14,30.26523780822754,3283.14990234375
2020-01-15,30.357282638549805,3289.2900390625
2020-01-16,30.716270446777344,3316.81005859375
2020-01-17,30.6334285736084,3329.6201171875
2020-01-21,30.375696182250977,3320.7900390625
2020-01-22,30.357282638549805,3321.75
2020-01-23,30.34807586669922,3325.5400390625
2020-01-24,29.906253814697266,3295.469970703125
2020-01-27,29.51045036315918,3243.6298828125
2020-01-28,29.78658676147461,3276.239990234375
2020-01-29,29.54726219177246,3273.39990234375
2020-01-30,29.528860092163086,3283.659912109375
2020-01-31,28.847707748413086,3225.52001953125
2020-02-03,29.105436325073242,3248.919921875
2020-02-04,29.464427947998047,3297.590087890625
2020-02-05,30.03512191772461,3334.68994140625
2020-02-06,29.924657821655273,3345.780029296875
2020-02-07,29.492040634155273,3327.7099609375
2020-02-10,29.602487564086914,3352.090087890625
2020-02-11,29.832612991333008,3357.75
2020-02-12,30.02591323852539,3379.449951171875
2020-02-13,30.117961883544922,3373.93994140625
2020-02-14,29.979888916015625,3380.159912109375
2020-02-18,29.832612991333008,3370.2900390625
2020-02-19,29.91545867919922,3386.14990234375
2020-02-20,30.071935653686523,3373.22998046875
2020-02-21,29.731367111206055,3337.75
2020-02-24,28.847707748413086,3225.889892578125
2020-02-25,27.881202697753906,3128.2099609375
2020-02-26,27.522218704223633,3116.389892578125
2020-02-27,26.463674545288086,2978.760009765625
2020-02-28,26.141504287719727,2954.219970703125
2020-03-02,26.758222579956055,3090.22998046875
2020-03-03,26.17833137512207,3003.3701171875
2020-03-04,26.96072769165039,3130.1201171875
2020-03-05,26.040252685546875,3023.93994140625
2020-03-06,25.570816040039062,2972.3701171875
2020-03-09,23.0487060546875,2746.56005859375
2020-03-10,23.711450576782227,2882.22998046875
2020-03-11,22.330738067626953,2741.3798828125
2020-03-12,19.734994888305664,2480.639892578125
2020-03-13,21.35503578186035,2711.02001953125
2020-03-16,18.501554489135742,2386.1298828125
2020-03-17,19.679765701293945,2529.18994140625
2020-03-18,17.83881378173828,2398.10009765625
2020-03-19,18.630422592163086,2409.389892578125
2020-03-20,17.811203002929688,2304.919921875
2020-03-23,17.541963577270508,2237.39990234375
2020-03-24,19.16108512878418,2447.330078125
2020-03-25,19.327617645263672,2475.56005859375
2020-03-26,20.62291145324707,2630.070068359375
2020-03-27,19.790224075317383,2541.469970703125
2020-03-30,20.24357795715332,2626.64990234375
2020-03-31,20.206571578979492,2584.590087890625
2020-04-01,18.791000366210938,2470.5
2020-04-02,19.050058364868164,2526.89990234375
2020-04-03,18.3839054107666,2488.64990234375
2020-04-06,19.82723617553711,2663.679931640625
2020-04-07,19.975269317626953,2659.409912109375
2020-04-08,20.891223907470703,2749.97998046875
2020-04-09,21.97371482849121,2789.820068359375
2020-04-13,21.233549118041992,2761.6298828125
2020-04-14,21.59438133239746,2846.06005859375
2020-04-15,20.585901260375977,2783.360107421875
2020-04-16,20.4378719329834,2799.550048828125
2020-04-17,21.36307716369629,2874.56005859375
2020-04-20,20.937484741210938,2823.159912109375
2020-04-21,20.484132766723633,2736.56005859375
2020-04-22,20.632165908813477,2799.31005859375
2020-04-23,20.900476455688477,2797.800048828125
2020-04-24,21.1595401763916,2836.739990234375
2020-04-27,22.047739028930664,2878.47998046875
2020-04-28,22.519588470458984,2863.389892578125
2020-04-29,23.74087142944336,2939.510009765625
2020-04-30,22.806411743164062,2912.429931640625
2020-05-01,21.881196975708008,2830.7099609375
2020-05-04,21.77942657470703,2842.739990234375
2020-05-05,21.844192504882812,2868.43994140625
2020-05-06,21.585126876831055,2848.419921875
2020-05-07,21.89044952392578,2881.18994140625
2020-05-08,22.806411743164062,2929.800048828125
2020-05-11,22.41781997680664,2930.18994140625
2020-05-12,21.557369232177734,2870.1201171875
2020-05-13,20.724685668945312,2820.0
2020-05-14,20.81720733642578,2852.5
2020-05-15,21.067014694213867,2863.699951171875
2020-05-18,22.575109481811523,2953.909912109375
2020-05-19,22.13100242614746,2922.93994140625
2020-05-20,22.82491111755371,2971.610107421875
2020-05-21,22.8526668548584,2948.510009765625
2020-05-22,22.945188522338867,2955.449951171875
2020-05-26,23.888898849487305,2991.77001953125
2020-05-27,24.795604705810547,3036.1298828125
2020-05-28,24.046186447143555,3029.72998046875
2020-05-29,23.796382904052734,3044.31005859375
2020-06-01,24.02768325805664,3055.72998046875
2020-06-02,24.314495086669922,3080.820068359375
2020-06-03,25.174942016601562,3122.8701171875
2020-06-04,25.517271041870117,3112.35009765625
2020-06-05,26.664535522460938,3193.929931640625
2020-06-08,27.191896438598633,3232.389892578125
2020-06-09,26.544254302978516,3207.179931640625
2020-06-10,25.56352996826172,3190.139892578125
2020-06-11,23.500314712524414,3002.10009765625
2020-06-12,24.0646915435791,3041.31005859375
2020-06-15,24.610565185546875,3066.590087890625
2020-06-16,25.24896240234375,3124.739990234375
2020-06-17,24.666078567504883,3113.489990234375
2020-06-18,24.601316452026367,3115.340087890625
2020-06-19,24.305246353149414,3097.739990234375
2020-06-22,24.47709846496582,3117.860107421875
2020-06-23,24.560699462890625,3131.2900390625
2020-06-24,23.706098556518555,3050.330078125
2020-06-25,24.086952209472656,3083.760009765625
2020-06-26,23.371679306030273,3009.050048828125
2020-06-29,24.33776092529297,3053.239990234375
2020-06-30,24.68145751953125,3100.2900390625
2020-07-01,24.309890747070312,3115.860107421875
2020-07-02,24.45852279663086,3130.010009765625
2020-07-06,24.690752029418945,3179.719970703125
2020-07-07,24.189130783081055,3145.320068359375
2020-07-08,24.291311264038086,3169.93994140625
2020-07-09,23.752540588378906,3152.050048828125
2020-07-10,24.25415802001953,3185.0400390625
2020-07-13,24.040502548217773,3155.219970703125
2020-07-14,24.430648803710938,3197.52001953125
2020-07-15,25.340993881225586,3226.56005859375
2020-07-16,25.173786163330078,3215.570068359375
2020-07-17,25.145923614501953,3224.72998046875
2020-07-20,25.006582260131836,3251.840087890625
2020-07-21,25.526777267456055,3257.300048828125
2020-07-22,25.563936233520508,3276.02001953125
2020-07-23,25.74043083190918,3235.659912109375
2020-07-24,25.313127517700195,3215.6298828125
2020-07-27,25.601093292236328,3239.409912109375
2020-07-28,25.38743782043457,3218.43994140625
2020-07-29,26.0562686920166,3258.43994140625
2020-07-30,25.87977409362793,3246.219970703125
2020-07-31,25.72185516357422,3271.1201171875
2020-08-03,26.028398513793945,3294.610107421875
2020-08-04,26.158449172973633,3306.510009765625
2020-08-05,26.76224136352539,3327.77001953125
2020-08-06,26.61362075805664,3349.159912109375
2020-08-07,27.115232467651367,3351.280029296875
2020-08-10,27.37533187866211,3360.469970703125
2020-08-11,27.35675621032715,3333.68994140625
2020-08-12,27.46822738647461,3380.35009765625
2020-08-13,27.28244400024414,3373.429931640625
2020-08-14,27.273149490356445,3372.85009765625
2020-08-17,27.319602966308594,3381.989990234375
2020-08-18,26.985187530517578,3389.780029296875
2020-08-19,26.994474411010742,3374.85009765625
2020-08-20,26.76224136352539,3385.510009765625
2020-08-21,26.595041275024414,3397.159912109375
2020-08-24,27.05021095275879,3431.280029296875
2020-08-25,27.05021095275879,3443.6201171875
2020-08-26,26.827268600463867,3478.72998046875
2020-08-27,26.920164108276367,3484.550048828125
2020-08-28,27.115232467651367,3508.010009765625
2020-08-31,26.697221755981445,3500.31005859375
2020-09-01,27.031635284423828,3526.64990234375
2020-09-02,27.35675621032715,3580.840087890625
2020-09-03,26.64148712158203,3455.06005859375
2020-09-04,26.492856979370117,3426.9599609375
2020-09-08,25.898345947265625,3331.840087890625
2020-09-09,26.167736053466797,3398.9599609375
2020-09-10,25.824033737182617,3339.18994140625
2020-09-11,25.647539138793945,3340.969970703125
2020-09-14,26.093421936035156,3383.5400390625
2020-09-15,26.093421936035156,3401.199951171875
2020-09-16,26.288494110107422,3385.489990234375
2020-09-17,26.046974182128906,3357.010009765625
2020-09-18,25.963193893432617,3319.469970703125
2020-09-21,25.0871524810791,3281.06005859375
2020-09-22,25.236427307128906,3315.570068359375
2020-09-23,24.52737808227539,3236.919921875
2020-09-24,24.648658752441406,3246.590087890625
2020-09-25,24.91921615600586,3298.4599609375
2020-09-28,25.618934631347656,3351.60009765625
2020-09-29,25.441673278808594,3335.469970703125
2020-09-30,25.544296264648438,3363.0
2020-10-01,25.90814971923828,3380.800048828125
2020-10-02,26.16937828063965,3348.419921875
2020-10-05,26.738479614257812,3408.60009765625
2020-10-06,26.710487365722656,3360.969970703125
2020-10-07,27.130321502685547,3419.43994140625
2020-10-08,27.522165298461914,3446.830078125
2020-10-09,27.671432495117188,3477.139892578125
2020-10-12,27.86735725402832,3534.219970703125
2020-10-13,27.559478759765625,3511.929931640625
2020-10-14,27.391551971435547,3488.669921875
2020-10-15,27.746070861816406,3483.340087890625
2020-10-16,27.606128692626953,3483.81005859375
2020-10-19,27.270263671875,3426.919921875
2020-10-20,27.447526931762695,3443.1201171875
2020-10-21,27.34490394592285,3435.56005859375
2020-10-22,27.764726638793945,3453.489990234375
2020-10-23,27.90467071533203,3465.389892578125
2020-10-26,27.288928985595703,3400.969970703125
2020-10-27,26.95305633544922,3390.679931640625
2020-10-28,26.113401412963867,3271.030029296875
2020-10-29,26.523902893066406,3310.110107421875
2020-10-30,26.216022491455078,3269.9599609375
2020-11-02,26.757137298583984,3310.239990234375
2020-11-03,27.456859588623047,3369.159912109375
2020-11-04,27.176963806152344,3443.43994140625
2020-11-05,27.914005279541016,3510.449951171875
2020-11-06,27.671432495117188,3509.43994140625
2020-11-09,28.996231079101562,3550.5
2020-11-10,29.74259376525879,3545.530029296875
2020-11-11,29.583988189697266,3572.659912109375
2020-11-12,28.940250396728516,3537.010009765625
2020-11-13,29.72393226623535,3585.14990234375
2020-11-16,30.61956787109375,3626.909912109375
2020-11-17,30.778169631958008,3609.530029296875
2020-11-18,30.339685440063477,3567.7900390625
2020-11-19,30.544937133789062,3581.8701171875
2020-11-20,30.47962188720703,3557.5400390625
2020-11-23,31.207326889038086,3577.590087890625
2020-11-24,31.98168182373047,3635.409912109375
2020-11-25,31.720457077026367,3629.64990234375
2020-11-27,31.664480209350586,3638.35009765625
2020-11-30,30.93677520751953,3621.6298828125
2020-12-01,31.328615188598633,3662.449951171875
2020-12-02,31.46856117248535,3669.010009765625
2020-12-03,31.692468643188477,3666.719970703125
2020-12-04,32.46682357788086,3699.1201171875
2020-12-07,32.336204528808594,3691.9599609375
2020-12-08,32.64408874511719,3702.25
2020-12-09,32.64408874511719,3672.820068359375
2020-12-10,32.756038665771484,3668.10009765625
2020-12-11,32.522804260253906,3663.4599609375
2020-12-14,32.4388313293457,3647.489990234375
2020-12-15,33.297149658203125,3694.6201171875
2020-12-16,33.12921905517578,3701.169921875
2020-12-17,33.43709182739258,3722.47998046875
2020-12-18,33.1851921081543,3709.409912109375
2020-12-21,33.066200256347656,3694.919921875
2020-12-22,33.20674133300781,3687.260009765625
2020-12-23,33.58153533935547,3690.010009765625
2020-12-24,33.60028076171875,3703.06005859375
2020-12-28,33.71272659301758,3735.360107421875
2020-12-29,33.1505241394043,3727.0400390625
2020-12-30,33.48784255981445,3732.0400390625
2020-12-31,33.544063568115234,3756.070068359375
2021-01-04,33.19737243652344,3700.64990234375
2021-01-05,33.900108337402344,3726.860107421875
2021-01-06,35.54920196533203,3748.139892578125
2021-01-07,35.952117919921875,3803.7900390625
2021-01-08,35.67101287841797,3824.679931640625
2021-01-11,35.783451080322266,3799.610107421875
2021-01-12,36.401859283447266,3801.18994140625
2021-01-13,36.13951110839844,3809.840087890625
2021-01-14,36.92656707763672,3795.5400390625
2021-01-15,36.326900482177734,3768.25
2021-01-19,36.682952880859375,3798.909912109375
2021-01-20,36.851619720458984,3851.85009765625
2021-01-21,36.4487190246582,3853.070068359375
2021-01-22,36.879722595214844,3841.469970703125
2021-01-25,36.964054107666016,3855.360107421875
2021-01-26,36.95468521118164,3849.6201171875
2021-01-27,36.83287811279297,3750.77001953125
2021-01-28,36.1676139831543,3787.3798828125
2021-01-29,35.60542297363281,3714.239990234375
2021-02-01,36.22384262084961,3773.860107421875
2021-02-02,36.33627700805664,3826.31005859375
2021-02-03,36.45808029174805,3830.169921875
2021-02-04,37.09523010253906,3871.739990234375
2021-02-05,37.56372833251953,3886.830078125
2021-02-08,38.59441375732422,3915.590087890625
2021-02-09,38.84739303588867,3911.22998046875
2021-02-10,38.716217041015625,3909.8798828125
2021-02-11,38.82864761352539,3916.3798828125
2021-02-12,38.91297912597656,3934.830078125
2021-02-16,38.772438049316406,3932.590087890625
2021-02-17,38.61315155029297,3931.330078125
2021-02-18,38.02284240722656,3913.969970703125
2021-02-19,38.65999984741211,3906.7099609375
2021-02-22,38.90361022949219,3876.5
2021-02-23,38.65999984741211,3881.3701171875
2021-02-24,39.73752975463867,3925.429931640625
2021-02-25,38.52882385253906,3829.340087890625
2021-02-26,38.32268524169922,3811.14990234375
2021-03-01,39.49392318725586,3901.820068359375
2021-03-02,38.81929397583008,3870.2900390625
2021-03-03,38.89424133300781,3819.719970703125
2021-03-04,38.144657135009766,3768.469970703125
2021-03-05,39.016048431396484,3841.93994140625
2021-03-08,39.84060287475586,3821.35009765625
2021-03-09,40.234127044677734,3875.43994140625
2021-03-10,41.03993606567383,3898.81005859375
2021-03-11,41.54591369628906,3939.340087890625
2021-03-12,41.93006896972656,3943.340087890625
2021-03-15,41.92071533203125,3968.93994140625
2021-03-16,41.23670959472656,3962.7099609375
2021-03-17,41.452205657958984,3974.1201171875
2021-03-18,40.533966064453125,3915.4599609375
2021-03-19,40.590187072753906,3913.10009765625
2021-03-22,40.106468200683594,3940.590087890625
2021-03-23,38.66000747680664,3910.52001953125
2021-03-24,38.04009246826172,3889.139892578125
2021-03-25,39.03571319580078,3909.52001953125
2021-03-26,39.965579986572266,3974.5400390625
2021-03-29,38.9793586730957,3971.090087890625
2021-03-30,39.51472854614258,3958.550048828125
2021-03-31,39.70259475708008,3972.889892578125
2021-04-01,40.23796844482422,4019.8701171875
2021-04-05,40.444602966308594,4077.909912109375
2021-04-06,40.350677490234375,4073.93994140625
2021-04-07,39.76833724975586,4079.949951171875
2021-04-08,40.012535095214844,4097.169921875
2021-04-09,40.05950927734375,4128.7998046875
2021-04-12,40.1252555847168,4127.990234375
2021-04-13,39.8152961730957,4141.58984375
2021-04-14,40.23796844482422,4124.66015625
2021-04-15,40.378849029541016,4170.419921875
2021-04-16,40.51034927368164,4185.47021484375
2021-04-19,40.050113677978516,4163.259765625
2021-04-20,39.13902282714844,4134.93994140625
2021-04-21,40.05950927734375,4173.419921875
2021-04-22,39.85285949707031,4134.97998046875
2021-04-23,40.54792785644531,4180.169921875
2021-04-26,40.77334976196289,4187.6201171875
2021-04-27,40.895450592041016,4186.72021484375
2021-04-28,40.94240951538086,4183.18017578125
2021-04-29,40.97059631347656,4211.47021484375
2021-04-30,40.42582321166992,4181.169921875
2021-05-03,40.87666702270508,4192.66015625
2021-05-04,40.670021057128906,4164.66015625
2021-05-05,40.670021057128906,4167.58984375
2021-05-06,40.91423797607422,4201.6201171875
2021-05-07,41.28993225097656,4232.60009765625
2021-05-10,40.416419982910156,4188.43017578125
2021-05-11,40.16282653808594,4152.10009765625
2021-05-12,38.91360855102539,4063.0400390625
2021-05-13,39.87165069580078,4112.5
2021-05-14,40.73577117919922,4173.85009765625
2021-05-17,40.8109130859375,4163.2900390625
2021-05-18,40.360069274902344,4127.830078125
2021-05-19,40.08768081665039,4115.68017578125
2021-05-20,40.22857666015625,4159.1201171875
2021-05-21,40.388248443603516,4155.85986328125
2021-05-24,40.59488296508789,4197.0498046875
2021-05-25,40.16282653808594,4188.1298828125
2021-05-26,40.95179748535156,4195.990234375
2021-05-27,41.42142868041992,4200.8798828125
2021-05-28,41.29933547973633,4204.10986328125
2021-06-01,41.947418212890625,4202.0400390625
2021-06-02,41.862892150878906,4208.1201171875
2021-06-03,41.54353713989258,4192.85009765625
2021-06-04,41.618682861328125,4229.89013671875
2021-06-07,42.06013107299805,4226.52001953125
2021-06-08,42.54854202270508,4227.259765625
2021-06-09,42.191627502441406,4219.5498046875
2021-06-10,41.599891662597656,4239.18017578125
2021-06-11,42.013160705566406,4247.43994140625
2021-06-14,41.76896667480469,4255.14990234375
2021-06-15,41.83470916748047,4246.58984375
2021-06-16,41.8159294128418,4223.7001953125
2021-06-17,41.08330154418945,4221.85986328125
2021-06-18,40.03133010864258,4166.4501953125
2021-06-21,40.95729064941406,4224.7900390625
2021-06-22,41.145694732666016,4246.43994140625
2021-06-23,41.23047637939453,4241.83984375
2021-06-24,41.795654296875,4266.490234375
2021-06-25,41.823917388916016,4280.7001953125
2021-06-28,41.38117980957031,4290.60986328125
2021-06-29,41.27756881713867,4291.7998046875
2021-06-30,41.39060592651367,4297.5
2021-07-01,41.663780212402344,4319.93994140625
2021-07-02,41.23047637939453,4352.33984375
2021-07-06,40.64643859863281,4343.5400390625
2021-07-07,40.401527404785156,4358.1298828125
2021-07-08,39.89285659790039,4320.81982421875
2021-07-09,40.92903518676758,4369.5498046875
2021-07-12,41.089176177978516,4384.6298828125
2021-07-13,40.316749572753906,4369.2099609375
2021-07-14,39.89285659790039,4374.2998046875
2021-07-15,39.67620086669922,4360.02978515625
2021-07-16,39.11101531982422,4327.16015625
2021-07-19,38.34801483154297,4258.490234375
2021-07-20,39.53489685058594,4323.06005859375
2021-07-21,40.18486785888672,4358.68994140625
2021-07-22,39.45012664794922,4367.47998046875
2021-07-23,39.69504165649414,4411.7900390625
2021-07-26,40.043575286865234,4422.2998046875
2021-07-27,39.723297119140625,4401.4599609375
2021-07-28,40.043575286865234,4400.64013671875
2021-07-29,40.53339767456055,4419.14990234375
2021-07-30,40.401527404785156,4395.259765625
2021-08-02,40.20370864868164,4387.16015625
2021-08-03,40.50514602661133,4423.14990234375
2021-08-04,39.82692337036133,4402.66015625
2021-08-05,40.392112731933594,4429.10009765625
2021-08-06,40.87252426147461,4436.52001953125
2021-08-09,40.51456069946289,4432.35009765625
2021-08-10,40.90077209472656,4436.75
2021-08-11,41.18336868286133,4442.41015625
2021-08-12,41.004390716552734,4460.830078125
2021-08-13,40.7217903137207,4468.0
2021-08-16,40.47688674926758,4479.7099609375
2021-08-17,39.91170120239258,4448.080078125
2021-08-18,39.582008361816406,4400.27001953125
2021-08-19,39.19579315185547,4405.7998046875
2021-08-20,39.85517501831055,4441.669921875
2021-08-23,40.34501266479492,4479.52978515625
2021-08-24,40.61817932128906,4486.22998046875
2021-08-25,40.78773498535156,4496.18994140625
2021-08-26,40.316749572753906,4470.0
2021-08-27,41.45654296875,4509.3701171875
2021-08-30,41.249305725097656,4528.7900390625
2021-08-31,41.21162796020508,4522.68017578125
2021-09-01,41.35292434692383,4524.08984375
2021-09-02,41.569580078125,4536.9501953125
2021-09-03,41.31523895263672,4535.43017578125
2021-09-07,40.9478759765625,4520.02978515625
2021-09-08,40.571083068847656,4514.06982421875
2021-09-09,40.48630905151367,4493.27978515625
2021-09-10,40.05299758911133,4458.580078125
2021-09-13,40.34501266479492,4468.72998046875
2021-09-14,39.82692337036133,4443.0498046875
2021-09-15,40.25080871582031,4480.7001953125
2021-09-16,40.156612396240234,4473.75
2021-09-17,40.147193908691406,4432.990234375
2021-09-20,39.400753021240234,4357.72998046875
2021-09-21,39.36294937133789,4354.18994140625
2021-09-22,40.005470275878906,4395.64013671875
2021-09-23,40.695213317871094,4448.97998046875
2021-09-24,40.62907791137695,4455.47998046875
2021-09-27,41.34716033935547,4443.10986328125
2021-09-28,40.742454528808594,4352.6298828125
2021-09-29,40.89363098144531,4359.4599609375
2021-09-30,40.251121520996094,4307.5400390625
2021-10-01,40.99757385253906,4357.0400390625
2021-10-04,40.84638214111328,4300.4599609375
2021-10-05,40.94087600708008,4345.72021484375
2021-10-06,40.638519287109375,4363.5498046875
2021-10-07,41.281028747558594,4399.759765625
2021-10-08,41.03535842895508,4391.33984375
2021-10-11,40.789703369140625,4361.18994140625
2021-10-12,40.92198181152344,4350.64990234375
2021-10-13,40.91252136230469,4363.7998046875
2021-10-14,41.40385818481445,4438.259765625
2021-10-15,41.23378372192383,4471.3701171875
2021-10-18,41.34716033935547,4486.4599609375
2021-10-19,41.37550735473633,4519.6298828125
2021-10-20,41.6495246887207,4536.18994140625
2021-10-21,41.73454666137695,4549.77978515625
2021-10-22,41.75345993041992,4544.89990234375
2021-10-25,42.103065490722656,4566.47998046875
2021-10-26,41.73454666137695,4574.7900390625
2021-10-27,40.91252136230469,4551.68017578125
2021-10-28,41.68731689453125,4596.419921875
2021-10-29,41.62116622924805,4605.3798828125
2021-11-01,42.62273025512695,4613.669921875
2021-11-02,42.53769302368164,4630.64990234375
2021-11-03,43.473106384277344,4660.56982421875
2021-11-04,43.40696716308594,4680.06005859375
2021-11-05,44.323482513427734,4697.52978515625
2021-11-08,44.351829528808594,4701.7001953125
2021-11-09,44.21955108642578,4685.25
2021-11-10,43.77546310424805,4646.7099609375
2021-11-11,44.049468994140625,4649.27001953125
2021-11-12,44.030574798583984,4682.85009765625
2021-11-15,44.0400276184082,4682.7998046875
2021-11-16,44.172306060791016,4700.89990234375
2021-11-17,43.662078857421875,4688.669921875
2021-11-18,43.567588806152344,4704.5400390625
2021-11-19,43.04792404174805,4697.9599609375
2021-11-22,43.36918258666992,4682.93994140625
2021-11-23,43.397518157958984,4690.7001953125
2021-11-24,43.255794525146484,4701.4599609375
2021-11-26,41.6495246887207,4594.6201171875
2021-11-29,41.545589447021484,4655.27001953125
2021-11-30,40.64796447753906,4567.0
2021-12-01,40.024356842041016,4513.0400390625
2021-12-02,41.1392936706543,4577.10009765625
2021-12-03,40.638519287109375,4538.43017578125
2021-12-06,41.61172866821289,4591.669921875
2021-12-07,42.178653717041016,4686.75
2021-12-08,42.386512756347656,4701.2099609375
2021-12-09,41.6967658996582,4667.4501953125
2021-12-10,41.72510528564453,4712.02001953125
2021-12-13,41.025909423828125,4668.97021484375
2021-12-14,40.78024673461914,4634.08984375
2021-12-15,41.30937194824219,4709.85009765625
2021-12-16,40.6196174621582,4668.669921875
2021-12-17,40.714107513427734,4620.64013671875
2021-12-20,40.15312576293945,4568.02001953125
2021-12-21,41.313133239746094,4649.22998046875
2021-12-22,41.78853988647461,4696.56005859375
2021-12-23,42.03574752807617,4725.7900390625
2021-12-27,42.663291931152344,4791.18994140625
2021-12-28,42.51116180419922,4786.35009765625
2021-12-29,42.70132064819336,4793.06005859375
2021-12-30,42.51116180419922,4778.72998046875
2021-12-31,42.49214172363281,4766.18017578125
2022-01-03,42.958045959472656,4796.56005859375
2022-01-04,43.26230239868164,4793.5400390625
2022-01-05,42.14033889770508,4700.580078125
2022-01-06,42.43509292602539,4696.0498046875
2022-01-07,41.96919250488281,4677.02978515625
2022-01-10,41.82657241821289,4670.2900390625
2022-01-11,42.092796325683594,4713.06982421875
2022-01-12,41.92164611816406,4726.35009765625
2022-01-13,41.90262985229492,4659.02978515625
2022-01-14,42.08328628540039,4662.85009765625
2022-01-18,40.96133041381836,4577.10986328125
2022-01-19,40.28623962402344,4532.759765625
2022-01-20,39.42099380493164,4482.72998046875
2022-01-21,38.898040771484375,4397.93994140625
2022-01-24,39.81083297729492,4410.1298828125
2022-01-25,39.34492111206055,4356.4501953125
2022-01-26,38.73640823364258,4349.93017578125
2022-01-27,37.94721221923828,4326.509765625
2022-01-28,38.5367317199707,4431.85009765625
2022-01-31,39.354434967041016,4515.5498046875
2022-02-01,39.68722152709961,4546.5400390625
2022-02-02,39.506568908691406,4589.3798828125
2022-02-03,38.93607711791992,4477.43994140625
2022-02-04,38.92656707763672,4500.52978515625
2022-02-07,38.93607711791992,4483.8701171875
2022-02-08,39.64918899536133,4521.5400390625
2022-02-09,40.1055793762207,4587.18017578125
2022-02-10,39.58263397216797,4504.080078125
2022-02-11,39.46854019165039,4418.64013671875
2022-02-14,39.37344741821289,4401.669921875
2022-02-15,40.25771713256836,4471.06982421875
2022-02-16,40.3623046875,4475.009765625
2022-02-17,39.60165786743164,4380.259765625
2022-02-18,39.4114875793457,4348.8701171875
2022-02-22,38.86001205444336,4304.759765625
2022-02-23,38.270503997802734,4225.5
2022-02-24,38.91706466674805,4288.7001953125
2022-02-25,39.76328659057617,4384.64990234375
2022-02-28,39.94394302368164,4373.93994140625
2022-03-01,39.17378234863281,4306.259765625
2022-03-02,40.23869323730469,4386.5400390625
2022-03-03,40.00099182128906,4363.490234375
2022-03-04,39.46854019165039,4328.8701171875
2022-03-07,38.574764251708984,4201.08984375
2022-03-08,38.707881927490234,4170.7001953125
2022-03-09,39.53509521484375,4277.8798828125
2022-03-10,39.487552642822266,4259.52001953125
2022-03-11,39.03115463256836,4204.31005859375
2022-03-14,38.574764251708984,4173.10986328125
2022-03-15,38.99312210083008,4262.4501953125
2022-03-16,39.981971740722656,4357.85986328125
2022-03-17,40.46689224243164,4411.669921875
2022-03-18,40.67607879638672,4463.1201171875
2022-03-21,40.44944763183594,4461.18017578125
2022-03-22,40.6017951965332,4511.60986328125
2022-03-23,39.878135681152344,4456.240234375
2022-03-24,40.192359924316406,4520.16015625
2022-03-25,40.468502044677734,4543.06005859375
2022-03-28,40.27804946899414,4575.52001953125
2022-03-29,41.25882339477539,4631.60009765625
2022-03-30,40.54467010498047,4602.4501953125
2022-03-31,40.059051513671875,4530.41015625
2022-04-01,40.49706268310547,4545.85986328125
2022-04-04,40.34471130371094,4582.64013671875
2022-04-05,39.449649810791016,4525.1201171875
2022-04-06,38.98306655883789,4481.14990234375
2022-04-07,38.93545150756836,4500.2099609375
2022-04-08,38.745018005371094,4488.27978515625
2022-04-11,38.49744415283203,4412.52978515625
2022-04-12,38.70692825317383,4397.4501953125
2022-04-13,39.354427337646484,4446.58984375
2022-04-14,39.07828140258789,4392.58984375
2022-04-18,38.95450210571289,4391.68994140625
2022-04-19,39.69721221923828,4462.2099609375
2022-04-20,39.97334671020508,4459.4501953125
2022-04-21,39.354427337646484,4393.66015625
2022-04-22,38.3641357421875,4271.77978515625
2022-04-25,38.44983673095703,4296.1201171875
2022-04-26,37.297664642333984,4175.2001953125
2022-04-27,37.19293212890625,4183.9599609375
2022-04-28,37.964210510253906,4287.5
2022-04-29,36.94535446166992,4131.93017578125
2022-05-02,37.202449798583984,4155.3798828125
2022-05-03,37.59285354614258,4175.47998046875
2022-05-04,38.5926628112793,4300.169921875
2022-05-05,37.18341064453125,4146.8701171875
2022-05-06,36.793006896972656,4123.33984375
2022-05-09,35.745574951171875,3991.239990234375
2022-05-10,35.50753402709961,4001.050048828125
2022-05-11,34.917171478271484,3935.179931640625
2022-05-12,35.35518264770508,3930.080078125
2022-05-13,36.2407341003418,4023.889892578125
2022-05-16,36.088375091552734,4008.010009765625
2022-05-17,37.16436004638672,4088.85009765625
2022-05-18,35.98363494873047,3923.679931640625
2022-05-19,35.85032653808594,3900.7900390625
2022-05-20,35.67892837524414,3901.360107421875
2022-05-23,36.078857421875,3973.75
2022-05-24,35.697975158691406,3941.47998046875
2022-05-25,36.4311637878418,3978.72998046875
2022-05-26,37.202449798583984,4057.840087890625
2022-05-27,38.06895065307617,4158.240234375
2022-05-31,37.659507751464844,4132.14990234375
2022-06-01,37.50715255737305,4101.22998046875
2022-06-02,38.25939178466797,4176.81982421875
2022-06-03,37.87850570678711,4108.5400390625
2022-06-06,38.1546516418457,4121.43017578125
2022-06-07,38.5736198425293,4160.68017578125
2022-06-08,37.92612075805664,4115.77001953125
2022-06-09,37.18341064453125,4017.820068359375
2022-06-10,36.28833770751953,3900.860107421875
2022-06-13,34.65055847167969,3749.6298828125
2022-06-14,34.555335998535156,3735.47998046875
2022-06-15,34.88859939575195,3789.989990234375
2022-06-16,33.165122985839844,3666.77001953125
2022-06-17,33.384132385253906,3674.840087890625
2022-06-21,33.88624954223633,3764.7900390625
2022-06-22,33.838436126708984,3759.889892578125
2022-06-23,34.106231689453125,3795.72998046875
2022-06-24,35.12004470825195,3911.739990234375
2022-06-27,35.44523239135742,3900.110107421875
2022-06-28,34.919189453125,3821.550048828125
2022-06-29,34.584449768066406,3818.830078125
2022-06-30,34.412296295166016,3785.3798828125
2022-07-01,34.73747253417969,3825.330078125
2022-07-05,34.79486083984375,3831.389892578125
2022-07-06,34.393157958984375,3845.080078125
2022-07-07,35.01483917236328,3902.6201171875
2022-07-08,34.92876052856445,3899.3798828125
2022-07-11,34.4792366027832,3854.429931640625
2022-07-12,34.393157958984375,3818.800048828125
2022-07-13,34.326210021972656,3801.780029296875
2022-07-14,34.039283752441406,3790.3798828125
2022-07-15,34.718345642089844,3863.159912109375
2022-07-18,34.718345642089844,3830.85009765625
2022-07-19,35.94257354736328,3936.68994140625
2022-07-20,36.430355072021484,3959.89990234375
2022-07-21,36.54512405395508,3998.949951171875
2022-07-22,36.21037673950195,3961.6298828125
2022-07-25,36.430355072021484,3966.840087890625
2022-07-26,36.248634338378906,3921.050048828125
2022-07-27,37.0711555480957,4023.610107421875
2022-07-28,37.549373626708984,4072.429931640625
2022-07-29,37.884124755859375,4130.2900390625
2022-08-01,37.98933029174805,4118.6298828125
2022-08-02,37.66415023803711,4091.18994140625
2022-08-03,37.99889373779297,4155.169921875
2022-08-04,37.70240020751953,4151.93994140625
2022-08-05,37.884124755859375,4145.18994140625
2022-08-08,38.123233795166016,4140.06005859375
2022-08-09,37.597198486328125,4122.47021484375
2022-08-10,38.41971969604492,4210.240234375
2022-08-11,38.66839599609375,4207.27001953125
2022-08-12,39.36658477783203,4280.14990234375
2022-08-15,39.5291862487793,4297.14013671875
2022-08-16,39.71090316772461,4305.2001953125
2022-08-17,39.14661407470703,4274.0400390625
2022-08-18,39.50049591064453,4283.740234375
2022-08-19,38.80229187011719,4228.47998046875
2022-08-22,37.912818908691406,4137.990234375
2022-08-23,37.89369201660156,4128.72998046875
2022-08-24,37.99889373779297,4140.77001953125
2022-08-25,38.735347747802734,4199.1201171875
2022-08-26,37.49198913574219,4057.659912109375
2022-08-29,37.10942077636719,4030.610107421875
2022-08-30,36.59294128417969,3986.159912109375
2022-08-31,36.239070892333984,3955.0
2022-09-01,35.8182373046875,3966.85009765625
2022-09-02,35.5695686340332,3924.260009765625
2022-09-06,35.07222366333008,3908.18994140625
2022-09-07,35.66521072387695,3979.8701171875
2022-09-08,35.856502532958984,4006.179931640625
2022-09-09,36.54512405395508,4067.360107421875
2022-09-12,37.00421142578125,4110.41015625
2022-09-13,35.579132080078125,3932.68994140625
2022-09-14,35.5695686340332,3946.010009765625
2022-09-15,35.2730827331543,3901.35009765625
2022-09-16,35.0244026184082,3873.330078125
2022-09-19,35.44404602050781,3899.889892578125
2022-09-20,34.963905334472656,3855.929931640625
2022-09-21,34.58938980102539,3789.929931640625
2022-09-22,33.85957717895508,3757.989990234375
2022-09-23,33.09135055541992,3693.22998046875
2022-09-26,32.64002227783203,3655.0400390625
2022-09-27,32.65922164916992,3647.2900390625
2022-09-28,33.55228805541992,3719.0400390625
2022-09-29,32.86088180541992,3640.469970703125
2022-09-30,32.707244873046875,3585.6201171875
2022-10-03,33.52347946166992,3678.429931640625
2022-10-04,34.800662994384766,3790.929931640625
2022-10-05,34.5413818359375,3783.280029296875
2022-10-06,34.387733459472656,3744.52001953125
2022-10-07,33.504268646240234,3639.659912109375
2022-10-10,33.5330810546875,3612.389892578125
2022-10-11,33.6195068359375,3588.840087890625
2022-10-12,33.408241271972656,3577.030029296875
2022-10-13,34.272499084472656,3669.909912109375
2022-10-14,33.45626449584961,3583.070068359375
2022-10-17,34.41654586791992,3677.949951171875
2022-10-18,34.78145217895508,3719.97998046875
2022-10-19,34.262901306152344,3695.159912109375
2022-10-20,33.75395202636719,3665.780029296875
2022-10-21,34.57979202270508,3752.75
2022-10-24,34.86787796020508,3797.340087890625
2022-10-25,35.70332336425781,3859.110107421875
2022-10-26,35.856964111328125,3830.60009765625
2022-10-27,35.914588928222656,3807.300048828125
2022-10-28,36.73082733154297,3901.06005859375
2022-10-31,36.67320251464844,3871.97998046875
2022-11-01,36.84606170654297,3856.10009765625
2022-11-02,35.61689758300781,3759.68994140625
2022-11-03,35.3768310546875,3719.889892578125
2022-11-04,35.93378448486328,3770.550048828125
2022-11-07,36.327510833740234,3806.800048828125
2022-11-08,36.38512420654297,3828.110107421875
2022-11-09,35.4920539855957,3748.570068359375
2022-11-10,37.614280700683594,3956.3701171875
2022-11-11,37.815948486328125,3992.929931640625
2022-11-14,37.451045989990234,3957.25
2022-11-15,37.94078063964844,3991.72998046875
2022-11-16,37.31660461425781,3958.7900390625
2022-11-17,37.17255401611328,3946.56005859375
2022-11-18,37.40302276611328,3965.340087890625
2022-11-21,37.31660461425781,3949.93994140625
2022-11-22,37.71991729736328,4003.580078125
2022-11-23,37.79673767089844,4027.260009765625
2022-11-25,37.844749450683594,4026.1201171875
2022-11-28,37.14375305175781,3963.93994140625
2022-11-29,37.297393798828125,3957.6298828125
2022-11-30,38.20966339111328,4080.110107421875
2022-12-01,38.13283920288086,4076.570068359375
2022-12-02,38.26727294921875,4071.699951171875
2022-12-05,37.2493782043457,3998.840087890625
2022-12-06,36.8748664855957,3941.260009765625
2022-12-07,36.73082733154297,3933.919921875
2022-12-08,36.90367889404297,3963.510009765625
2022-12-09,36.490753173828125,3934.3798828125
2022-12-12,36.85566711425781,3990.56005859375
2022-12-13,37.04771423339844,4019.64990234375
2022-12-14,36.72122573852539,3995.320068359375
2022-12-15,35.885780334472656,3895.75
2022-12-16,35.50166320800781,3852.360107421875
2022-12-19,35.255821228027344,3817.659912109375
2022-12-20,35.38115692138672,3821.6201171875
2022-12-21,35.91139221191406,3878.43994140625
2022-12-22,35.48719787597656,3822.389892578125
2022-12-23,35.737857818603516,3844.820068359375
2022-12-27,35.71858596801758,3829.25
2022-12-28,35.034095764160156,3783.219970703125
2022-12-29,35.80534744262695,3849.280029296875
2022-12-30,35.64145278930664,3839.5
2023-01-03,35.58361053466797,3824.139892578125
2023-01-04,36.02708053588867,3852.969970703125
2023-01-05,35.71858596801758,3808.10009765625
2023-01-06,36.547672271728516,3895.080078125
2023-01-09,36.53803634643555,3892.090087890625
2023-01-10,37.02970504760742,3919.25
2023-01-11,37.444252014160156,3969.610107421875
2023-01-12,37.95520782470703,3983.169921875
2023-01-13,38.19622039794922,3999.090087890625
2023-01-17,38.05162048339844,3990.969970703125
2023-01-18,37.434608459472656,3928.860107421875
2023-01-19,37.12611389160156,3898.85009765625
2023-01-20,37.704551696777344,3972.610107421875
2023-01-23,38.11909866333008,4019.81005859375
2023-01-24,37.9744873046875,4016.949951171875
2023-01-25,38.09017562866211,4016.219970703125
2023-01-26,38.33119201660156,4060.429931640625
2023-01-27,38.504722595214844,4070.56005859375
2023-01-30,38.08053970336914,4017.77001953125
2023-01-31,39.034969329833984,4076.60009765625
2023-02-01,39.6423225402832,4119.2099609375
2023-02-02,40.56782531738281,4179.759765625
2023-02-03,40.432857513427734,4136.47998046875
2023-02-06,39.796573638916016,4111.080078125
2023-02-07,40.0472297668457,4164.0
2023-02-08,39.478431701660156,4117.85986328125
2023-02-09,38.94819259643555,4081.5
2023-02-10,39.04460144042969,4090.4599609375
2023-02-13,39.51699447631836,4137.2900390625
2023-02-14,39.40130615234375,4136.1298828125
2023-02-15,39.777286529541016,4147.60009765625
2023-02-16,39.507347106933594,4090.409912109375
2023-02-17,39.53627395629883,4079.090087890625
2023-02-21,38.39867401123047,3997.340087890625
2023-02-22,38.504722595214844,3991.050048828125
2023-02-23,38.7843017578125,4012.320068359375
2023-02-24,38.45652389526367,3970.0400390625
2023-02-27,38.581844329833984,3982.239990234375
2023-02-28,38.54328536987305,3970.14990234375
2023-03-01,38.63969802856445,3951.389892578125
2023-03-02,38.765018463134766,3981.35009765625
2023-03-03,39.208492279052734,4045.639892578125
2023-03-06,38.32155227661133,4048.419921875
2023-03-07,37.9359245300293,3986.3701171875
2023-03-08,37.984127044677734,3992.010009765625
2023-03-09,37.12611389160156,3918.320068359375
2023-03-10,36.171688079833984,3861.590087890625
2023-03-13,35.31367492675781,3855.760009765625
2023-03-14,36.05600357055664,3919.2900390625
2023-03-15,35.477561950683594,3891.929931640625
2023-03-16,36.036720275878906,3960.280029296875
2023-03-17,35.00517272949219,3916.639892578125
2023-03-20,35.521881103515625,3951.570068359375
2023-03-21,36.11214828491211,4002.8701171875
2023-03-22,35.16386032104492,3936.969970703125
2023-03-23,34.87358093261719,3948.719970703125
2023-03-24,35.260623931884766,3970.989990234375
2023-03-27,35.59929656982422,3977.530029296875
2023-03-28,35.62833023071289,3971.27001953125
2023-03-29,35.870235443115234,4027.81005859375
2023-03-30,35.879905700683594,4050.830078125
2023-03-31,36.547576904296875,4109.31005859375
2023-04-03,36.547576904296875,4124.509765625
2023-04-04,35.85087966918945,4100.60009765625
2023-04-05,35.57026672363281,4090.3798828125
2023-04-06,35.56059265136719,4105.02001953125
2023-04-10,36.00570297241211,4109.10986328125
2023-04-11,36.286319732666016,4108.93994140625
2023-04-12,36.00570297241211,4091.949951171875
2023-04-13,36.31534957885742,4146.22021484375
2023-04-14,35.996028900146484,4137.64013671875
2023-04-17,36.24761962890625,4151.31982421875
2023-04-18,36.044410705566406,4154.8701171875
2023-04-19,36.15085220336914,4154.52001953125
2023-04-20,35.996028900146484,4129.7900390625
2023-04-21,35.899269104003906,4133.52001953125
2023-04-24,35.918617248535156,4137.0400390625
2023-04-25,34.960662841796875,4071.6298828125
2023-04-26,34.64133834838867,4055.989990234375
2023-04-27,35.20256805419922,4135.35009765625
2023-04-28,35.54124069213867,4169.47998046875
2023-05-01,35.521881103515625,4167.8701171875
2023-05-02,34.84454345703125,4119.580078125
2023-05-03,34.86389923095703,4090.75
2023-05-04,34.41877746582031,4061.219970703125
2023-05-05,35.27997589111328,4136.25
2023-05-08,35.10580062866211,4138.1201171875
2023-05-09,34.88324737548828,4119.169921875
2023-05-10,35.02839279174805,4137.64013671875
2023-05-11,34.79615783691406,4130.6201171875
2023-05-12,34.68971633911133,4124.080078125
2023-05-15,35.086456298828125,4136.27978515625
2023-05-16,34.63166809082031,4109.89990234375
2023-05-17,35.45415115356445,4158.77001953125
2023-05-18,35.72509002685547,4198.0498046875
2023-05-19,35.492862701416016,4191.97998046875
2023-05-22,35.763797760009766,4192.6298828125
2023-05-23,35.72509002685547,4145.580078125
2023-05-24,35.28965377807617,4115.240234375
2023-05-25,35.16386032104492,4151.27978515625
2023-05-26,35.56059265136719,4205.4501953125
2023-05-30,35.386417388916016,4205.52001953125
2023-05-31,34.92195129394531,4179.830078125
2023-06-01,35.221923828125,4221.02001953125
2023-06-02,36.683040618896484,4282.3701171875
2023-06-05,35.92829132080078,4273.7900390625
2023-06-06,36.93998718261719,4283.85009765625
2023-06-07,37.84381103515625,4267.52001953125
2023-06-08,37.5814094543457,4293.93017578125
2023-06-09,37.31901168823242,4298.85986328125
2023-06-12,37.416194915771484,4338.93017578125
2023-06-13,37.717472076416016,4369.009765625
2023-06-14,37.221824645996094,4372.58984375
2023-06-15,37.57168960571289,4425.83984375
2023-06-16,37.377323150634766,4409.58984375
2023-06-20,37.26742935180664,4388.7099609375
2023-06-21,37.18962478637695,4365.68994140625
2023-06-22,36.81033706665039,4381.89013671875
2023-06-23,36.19763946533203,4348.330078125
2023-06-26,36.45050048828125,4328.81982421875
2023-06-27,37.092369079589844,4378.41015625
2023-06-28,37.140995025634766,4376.85986328125
2023-06-29,37.76342010498047,4396.43994140625
2023-06-30,37.77314758300781,4450.3798828125
2023-07-03,38.035728454589844,4455.58984375
2023-07-05,37.49110412597656,4446.81982421875
2023-07-06,36.93675994873047,4411.58984375
2023-07-07,37.27715301513672,4398.9501953125
2023-07-10,37.76342010498047,4409.52978515625
2023-07-11,38.113521575927734,4439.259765625
2023-07-12,38.56089782714844,4472.16015625
2023-07-13,38.7943000793457,4510.0400390625
2023-07-14,38.43446350097656,4505.419921875
2023-07-17,38.7359504699707,4522.7900390625
2023-07-18,39.30974197387695,4554.97998046875
2023-07-19,39.52369689941406,4565.72021484375
2023-07-20,39.19303894042969,4534.8701171875
2023-07-21,39.0860595703125,4536.33984375
2023-07-24,39.32918930053711,4554.64013671875
2023-07-25,39.30974197387695,4567.4599609375
2023-07-26,39.533424377441406,4566.75
2023-07-27,39.173587799072266,4537.41015625
2023-07-28,39.52369689941406,4582.22998046875
2023-07-31,39.89326095581055,4588.9599609375
2023-08-01,39.65012741088867,4576.72998046875
2023-08-02,39.34864044189453,4513.39013671875
2023-08-03,39.212486267089844,4501.89013671875
2023-08-04,39.19303894042969,4478.02978515625
2023-08-07,39.4069938659668,4518.43994140625
2023-08-08,39.12495803833008,4499.3798828125
2023-08-09,38.84292221069336,4467.7099609375
2023-08-10,38.7359504699707,4468.830078125
2023-08-11,38.687320709228516,4464.0498046875
2023-08-14,38.52199172973633,4489.72021484375
2023-08-15,38.06489944458008,4437.85986328125
2023-08-16,37.627254486083984,4404.330078125
2023-08-17,37.24797439575195,4370.35986328125
2023-08-18,37.40357971191406,4369.7099609375
2023-08-21,37.24797439575195,4399.77001953125
2023-08-22,37.17017364501953,4387.5498046875
2023-08-23,37.549461364746094,4436.009765625
2023-08-24,37.209068298339844,4376.31005859375
2023-08-25,37.2577018737793,4405.7099609375
2023-08-28,37.56890869140625,4433.31005859375
2023-08-29,38.084354400634766,4497.6298828125
2023-08-30,38.26913070678711,4514.8701171875
2023-08-31,38.201053619384766,4507.66015625
2023-09-01,38.619239807128906,4515.77001953125
2023-09-05,37.47165298461914,4496.830078125
2023-09-06,37.36467361450195,4465.47998046875
2023-09-07,37.10209655761719,4451.14013671875
2023-09-08,36.93675994873047,4457.490234375
2023-09-11,36.965938568115234,4487.4599609375
2023-09-12,36.92703628540039,4461.89990234375
2023-09-13,36.74225616455078,4467.43994140625
2023-09-14,37.354949951171875,4505.10009765625
2023-09-15,36.995113372802734,4450.31982421875
2023-09-18,36.79933166503906,4453.52978515625
2023-09-19,36.711669921875,4443.9501953125
2023-09-20,36.370758056640625,4402.2001953125
2023-09-21,35.864253997802734,4330.0
2023-09-22,35.766845703125,4320.06005859375
2023-09-25,35.93243408203125,4337.43994140625
2023-09-26,35.40645217895508,4273.52978515625
2023-09-27,35.757102966308594,4274.509765625
2023-09-28,36.166202545166016,4299.7001953125
2023-09-29,35.942176818847656,4288.0498046875
2023-10-02,35.45515441894531,4288.39013671875
2023-10-03,34.86098861694336,4229.4501953125
2023-10-04,34.938907623291016,4263.75
2023-10-05,34.89995193481445,4258.18994140625
2023-10-06,35.114234924316406,4308.5
2023-10-09,35.39671325683594,4335.66015625
2023-10-10,35.78633117675781,4358.240234375
2023-10-11,35.85451126098633,4376.9501953125
2023-10-12,35.17267990112305,4349.60986328125
2023-10-13,34.74409866333008,4327.77978515625
2023-10-16,35.377227783203125,4373.6298828125
2023-10-17,35.80580520629883,4373.2001953125
2023-10-18,35.114234924316406,4314.60009765625
2023-10-19,34.55903625488281,4278.0
2023-10-20,34.179161071777344,4224.16015625
2023-10-23,33.857723236083984,4217.0400390625
2023-10-24,34.0720100402832,4247.68017578125
2023-10-25,33.643436431884766,4186.77001953125
2023-10-26,33.72135543823242,4137.22998046875
2023-10-27,33.40966796875,4117.3701171875
2023-10-30,33.584991455078125,4166.81982421875
2023-10-31,33.86746597290039,4193.7998046875
2023-11-01,34.033050537109375,4237.85986328125
2023-11-02,34.919429779052734,4317.77978515625
2023-11-03,35.893470764160156,4358.33984375
2023-11-06,35.533077239990234,4365.97998046875
2023-11-07,35.29930877685547,4378.3798828125
2023-11-08,34.95839309692383,4382.77978515625
2023-11-09,34.500587463378906,4347.35009765625
2023-11-10,34.870731353759766,4415.240234375
2023-11-13,34.84150695800781,4411.5498046875
2023-11-14,36.760372161865234,4495.7001953125
2023-11-15,36.838294982910156,4502.8798828125
2023-11-16,36.26360321044922,4508.240234375
2023-11-17,36.65322494506836,4514.02001953125
2023-11-20,36.79933166503906,4547.3798828125
2023-11-21,36.370758056640625,4538.18994140625
2023-11-22,36.536338806152344,4556.6201171875
2023-11-24,36.73115158081055,4559.33984375
2023-11-27,36.62400436401367,4550.43017578125
2023-11-28,36.44867706298828,4554.89013671875
2023-11-29,36.56556701660156,4550.580078125
2023-11-30,36.68244934082031,4567.7998046875
2023-12-01,37.73441696166992,4594.6298828125
2023-12-04,38.21169662475586,4569.77978515625
2023-12-05,37.666229248046875,4567.18017578125
2023-12-06,37.57857131958008,4549.33984375
2023-12-07,38.007144927978516,4585.58984375
2023-12-08,38.21169662475586,4604.3701171875
2023-12-11,38.46495056152344,4622.43994140625
2023-12-12,38.38702392578125,4643.7001953125
2023-12-13,39.64353561401367,4707.08984375
2023-12-14,40.83186721801758,4719.5498046875
2023-12-15,40.461734771728516,4719.18994140625
2023-12-18,40.41169738769531,4740.56005859375
2023-12-19,41.245635986328125,4768.3701171875
2023-12-20,40.49018478393555,4698.35009765625
2023-12-21,41.17695617675781,4746.75
2023-12-22,41.40261459350586,4754.6298828125
2023-12-26,41.88335418701172,4774.75
2023-12-27,42.02070999145508,4781.580078125
2023-12-28,41.9225959777832,4783.35009765625
2023-12-29,41.382991790771484,4769.830078125
2024-01-02,41.17695617675781,4742.830078125
2024-01-03,40.048683166503906,4704.81005859375
2024-01-04,39.999629974365234,4688.68017578125
2024-01-05,39.85246658325195,4697.240234375
2024-01-08,40.53923797607422,4763.5400390625
2024-01-09,40.07811737060547,4756.5
2024-01-10,40.19585418701172,4783.4501953125
2024-01-11,39.960384368896484,4780.240234375
2024-01-12,39.87208557128906,4783.830078125
2024-01-16,39.479652404785156,4765.97998046875
2024-01-17,39.097015380859375,4739.2099609375
2024-01-18,39.4698371887207,4780.93994140625
2024-01-19,39.85246658325195,4839.81005859375
2024-01-22,40.686405181884766,4850.43017578125
2024-01-23,40.421504974365234,4864.60009765625
2024-01-24,40.1566047668457,4868.5498046875
2024-01-25,40.460750579833984,4894.16015625
2024-01-26,40.480369567871094,4890.97021484375
2024-01-29,40.98073959350586,4927.93017578125
2024-01-30,40.75508499145508,4924.97021484375
2024-01-31,39.73473358154297,4845.64990234375
2024-02-01,40.19585418701172,4906.18994140625
2024-02-02,39.98000717163086,4958.60986328125
2024-02-05,39.35210418701172,4942.81005859375
2024-02-06,39.5777587890625,4954.22998046875
2024-02-07,39.499267578125,4995.06005859375
2024-02-08,40.038875579833984,4997.91015625
2024-02-09,40.52942657470703,5026.60986328125
2024-02-12,41.245635986328125,5021.83984375
2024-02-13,39.76416778564453,4953.169921875
2024-02-14,40.441131591796875,5000.6201171875
2024-02-15,41.471290588378906,5029.72998046875
2024-02-16,41.03960418701172,5005.56982421875
2024-02-20,40.647159576416016,4975.509765625
2024-02-21,40.52942657470703,4981.7998046875
2024-02-22,40.598106384277344,5087.02978515625
2024-02-23,40.67659378051758,5088.7998046875
2024-02-26,40.71583557128906,5069.52978515625
2024-02-27,41.03960418701172,5078.18017578125
2024-02-28,40.764892578125,5069.759765625
2024-02-29,41.010169982910156,5096.27001953125
2024-03-01,41.2161979675293,5137.080078125
2024-03-04,41.00035858154297,5130.9501953125
2024-03-05,40.81394577026367,5078.64990234375
2024-03-06,40.99054718017578,5104.759765625
2024-03-07,41.304500579833984,5157.35986328125
2024-03-08,41.245635986328125,5123.68994140625
2024-03-11,41.05922317504883,5117.93994140625
2024-03-12,40.93168258666992,5175.27001953125
2024-03-13,41.010169982910156,5165.31005859375
2024-03-14,40.38226318359375,5150.47998046875
2024-03-15,40.49999237060547,5117.08984375
2024-03-18,40.405479431152344,5149.419921875
2024-03-19,40.68115234375,5178.509765625
2024-03-20,41.35063934326172,5224.6201171875
2024-03-21,41.8429069519043,5241.52978515625
2024-03-22,41.28171920776367,5234.18017578125
2024-03-25,41.18326950073242,5218.18994140625
2024-03-26,41.134037017822266,5203.580078125
2024-03-27,42.157958984375,5248.490234375
2024-03-28,42.37455368041992,5254.35009765625
2024-04-01,41.95120620727539,5243.77001953125
2024-04-02,41.2226448059082,5205.81005859375
2024-04-03,41.44908905029297,5211.490234375
2024-04-04,41.12419128417969,5147.2099609375
2024-04-05,41.242332458496094,5204.33984375
2024-04-08,41.50816345214844,5202.39013671875
2024-04-09,41.72475814819336,5209.91015625
2024-04-10,40.4842414855957,5160.64013671875
2024-04-11,40.66145706176758,5199.06005859375
2024-04-12,40.0805778503418,5123.41015625
2024-04-15,39.64738464355469,5061.81982421875
2024-04-16,39.44063186645508,5051.41015625
2024-04-17,39.13542556762695,5022.2099609375
2024-04-18,39.19449996948242,5011.1201171875
2024-04-19,39.56861877441406,4967.22998046875
2024-04-22,39.87382888793945,5010.60009765625
2024-04-23,40.63192367553711,5070.5498046875
2024-04-24,40.474395751953125,5071.6298828125
2024-04-25,40.2282600402832,5048.419921875
2024-04-26,40.474395751953125,5099.9599609375
2024-04-29,40.799293518066406,5116.169921875
2024-04-30,40.04119873046875,5035.68994140625
2024-05-01,40.15934371948242,5018.39013671875
2024-05-02,40.72053146362305,5064.2001953125
2024-05-03,41.084808349609375,5127.7900390625
2024-05-06,41.50816345214844,5180.740234375
2024-05-07,41.626304626464844,5187.7001953125
2024-05-08,41.498321533203125,5187.669921875
2024-05-09,42.00043487548828,5214.080078125
2024-05-10,41.803524017333984,5222.68017578125
2024-05-13,41.8724365234375,5221.419921875
2024-05-14,42.29579544067383,5246.68017578125
2024-05-15,42.48286056518555,5308.14990234375
2024-05-16,42.34502029418945,5297.10009765625
2024-05-17,42.28594970703125,5303.27001953125
2024-05-20,42.24656677246094,5308.1298828125
2024-05-21,42.22687530517578,5321.41015625
2024-05-22,41.96105194091797,5307.009765625
2024-05-23,41.35063934326172,5267.83984375
2024-05-24,41.70507049560547,5304.72021484375
2024-05-28,41.56723403930664,5306.0400390625
2024-05-29,41.09465408325195,5266.9501953125
2024-05-30,41.54754638671875,5235.47998046875
2024-05-31,42.01028060913086,5277.509765625
2024-06-03,41.892127990722656,5283.39990234375
2024-06-04,41.30141067504883,5291.33984375
2024-06-05,41.72475814819336,5354.02978515625
2024-06-06,41.43924331665039,5352.9599609375
2024-06-07,40.97650909423828,5346.990234375
2024-06-10,40.82883071899414,5360.7900390625
2024-06-11,40.63192367553711,5375.31982421875
2024-06-12,41.321102142333984,5421.02978515625
2024-06-13,40.84852600097656,5433.740234375
2024-06-14,40.277488708496094,5431.60009765625
2024-06-17,40.622074127197266,5473.22998046875
2024-06-18,40.67130661010742,5487.02978515625
2024-06-20,40.54331588745117,5473.169921875
2024-06-21,40.523624420166016,5464.6201171875
2024-06-24,40.82640838623047,5447.8701171875
2024-06-25,40.51966857910156,5469.2998046875
2024-06-26,40.52956008911133,5477.89990234375
2024-06-27,40.697776794433594,5482.8701171875
2024-06-28,41.093570709228516,5460.47998046875
2024-07-01,40.73735427856445,5475.08984375
2024-07-02,40.885780334472656,5509.009765625
2024-07-03,40.925357818603516,5537.02001953125
2024-07-05,40.638404846191406,5567.18994140625
2024-07-08,40.885780334472656,5572.85009765625
2024-07-09,40.588932037353516,5576.97998046875
2024-07-10,40.98472213745117,5633.91015625
2024-07-11,42.40959548950195,5584.5400390625
2024-07-12,42.82518005371094,5615.35009765625
2024-07-15,43.42877197265625,5631.22021484375
2024-07-16,44.95258712768555,5667.2001953125
2024-07-17,44.774478912353516,5588.27001953125
2024-07-18,44.0125732421875,5544.58984375
2024-07-19,43.78498840332031,5505.0
2024-07-22,44.40836715698242,5564.41015625
2024-07-23,44.73489761352539,5555.740234375
2024-07-24,43.933414459228516,5427.1298828125
2024-07-25,44.5172119140625,5399.22021484375
2024-07-26,45.29890823364258,5459.10009765625
2024-07-29,44.99216842651367,5463.5400390625
2024-07-30,45.229644775390625,5436.43994140625
2024-07-31,45.5264892578125,5522.2998046875
2024-08-01,44.22036361694336,5446.68017578125
2024-08-02,42.78560256958008,5346.56005859375
2024-08-05,41.39042282104492,5186.330078125
2024-08-06,41.86537551879883,5240.02978515625
2024-08-07,41.479469299316406,5199.5
2024-08-08,42.429386138916016,5319.31005859375
2024-08-09,42.37001419067383,5344.16015625
2024-08-12,41.83568572998047,5344.39013671875
2024-08-13,42.53822708129883,5434.43017578125
2024-08-14,42.37001419067383,5455.2099609375
2024-08-15,43.37929916381836,5543.22021484375
2024-08-16,43.48814010620117,5554.25
2024-08-19,43.883934020996094,5608.25
2024-08-20,43.36940383911133,5597.1201171875
2024-08-21,43.87404251098633,5620.85009765625
2024-08-22,43.517826080322266,5570.64013671875
2024-08-23,44.843746185302734,5634.60986328125
2024-08-26,44.804161071777344,5616.83984375
2024-08-27,44.5369987487793,5625.7998046875
2024-08-28,44.3687858581543,5592.18017578125
2024-08-29,44.62605285644531,5591.9599609375
2024-08-30,44.79426956176758,5648.39990234375
2024-09-03,43.567298889160156,5528.93017578125
2024-09-04,43.5079345703125,5520.06982421875
2024-09-05,43.290245056152344,5503.41015625
2024-09-06,42.48875427246094,5408.419921875
2024-09-09,42.41948699951172,5471.0498046875
2024-09-10,42.29085922241211,5495.52001953125
2024-09-11,42.310646057128906,5554.1298828125
2024-09-12,42.90433883666992,5595.759765625
2024-09-13,44.00267791748047,5626.02001953125
2024-09-16,44.2005729675293,5633.08984375
2024-09-17,44.52710723876953,5634.580078125
2024-09-18,44.58647537231445,5618.259765625
2024-09-19,45.44733428955078,5713.64013671875
2024-09-20,45.0218505859375,5702.5498046875
2024-09-23,45.01986312866211,5718.56982421875
2024-09-24,45.02980422973633,5732.93017578125
2024-09-25,44.45338821411133,5722.259765625
2024-09-26,44.75153350830078,5745.3701171875
2024-09-27,45.0496826171875,5738.169921875
2024-09-30,45.22856521606445,5762.47998046875
2024-10-01,44.62234115600586,5708.75
2024-10-02,44.44345474243164,5709.5400390625
2024-10-03,44.125431060791016,5699.93994140625
2024-10-04,44.761474609375,5751.06982421875
2024-10-07,44.31425476074219,5695.93994140625
2024-10-08,44.27450180053711,5751.1298828125
2024-10-09,44.393760681152344,5792.0400390625
2024-10-10,44.125431060791016,5780.0498046875
2024-10-11,44.90060806274414,5815.02978515625
2024-10-14,45.198753356933594,5859.85009765625
2024-10-15,45.29813766479492,5815.259765625
2024-10-16,45.92423629760742,5842.47021484375
2024-10-17,45.814918518066406,5841.47021484375
2024-10-18,45.64596939086914,5864.669921875
2024-10-21,44.88072967529297,5853.97998046875
2024-10-22,44.6422119140625,5851.2001953125
2024-10-23,44.33413314819336,5797.419921875
2024-10-24,44.4732666015625,5809.85986328125
2024-10-25,44.24468994140625,5808.1201171875
2024-10-28,44.96023941040039,5823.52001953125
2024-10-29,44.71178436279297,5832.919921875
2024-10-30,44.75153350830078,5813.669921875
2024-10-31,44.05586624145508,5705.4501953125
2024-11-01,44.18505859375,5728.7998046875
2024-11-04,44.45338821411133,5712.68994140625
2024-11-05,45.35776138305664,5782.759765625
2024-11-06,48.1006965637207,5929.0400390625
2024-11-07,47.76279830932617,5973.10009765625
2024-11-08,48.04106521606445,5995.5400390625
2024-11-11,48.76655197143555,6001.35009765625
2024-11-12,48.011253356933594,5983.990234375
2024-11-13,47.633602142333984,5985.3798828125
2024-11-14,47.04724884033203,5949.169921875
2024-11-15,46.600032806396484,5870.6201171875
2024-11-18,46.600032806396484,5893.6201171875
2024-11-19,46.69941711425781,5916.97998046875
2024-11-20,46.7789192199707,5917.10986328125
2024-11-21,47.544158935546875,5948.7099609375
2024-11-22,48.30939865112305,5969.33984375
2024-11-25,49.24358367919922,5987.3701171875
2024-11-26,48.78643035888672,6021.6298828125
2024-11-27,48.806304931640625,5998.740234375
2024-11-29,48.87587356567383,6032.3798828125
2024-12-02,49.04481887817383,6047.14990234375
2024-12-03,48.67710876464844,6049.8798828125
2024-12-04,48.836116790771484,6086.490234375
2024-12-05,48.140445709228516,6075.10986328125
2024-12-06,48.140445709228516,6090.27001953125
2024-12-09,48.1006965637207,6052.85009765625
2024-12-10,47.911869049072266,6034.91015625
2024-12-11,48.19013977050781,6084.18994140625
2024-12-12,47.802547454833984,6051.25
2024-12-13,47.42490005493164,6051.08984375
2024-12-16,47.67335510253906,6074.080078125
2024-12-17,46.99755859375,6050.60986328125
2024-12-18,45.11924743652344,5872.16015625
2024-12-19,44.90060806274414,5867.080078125
2024-12-20,45.159000396728516,5930.85009765625
2024-12-23,45.150001525878906,5974.06982421875
2024-12-24,45.54999923706055,6040.0400390625
2024-12-26,45.81999969482422,6037.58984375
2024-12-27,45.25,5970.83984375
2024-12-30,44.88999938964844,5906.93994140625
2024-12-31,44.91999816894531,5881.6298828125
