Date,3M T-Bill Rate,10Y Treasury Yield
2020-01-02,0.014950000047683716,0.01881999969482422
2020-01-03,0.014730000495910644,0.01787999987602234
2020-01-06,0.014880000352859498,0.018109999895095825
2020-01-07,0.015,0.018270000219345092
2020-01-08,0.014930000305175781,0.018739999532699586
2020-01-09,0.015,0.018580000400543212
2020-01-10,0.014980000257492066,0.01825000047683716
2020-01-13,0.015099999904632568,0.018480000495910646
2020-01-14,0.015299999713897705,0.018179999589920046
2020-01-15,0.015080000162124635,0.01787999987602234
2020-01-16,0.015180000066757203,0.018090000152587892
2020-01-17,0.015230000019073486,0.018359999656677246
2020-01-21,0.01503000020980835,0.01769000053405762
2020-01-22,0.015130000114440918,0.01769000053405762
2020-01-23,0.015149999856948853,0.01740000009536743
2020-01-24,0.014900000095367431,0.01680999994277954
2020-01-27,0.015049999952316285,0.016050000190734864
2020-01-28,0.015299999713897705,0.016410000324249267
2020-01-29,0.015199999809265136,0.01593999981880188
2020-01-30,0.01527999997138977,0.015579999685287475
2020-01-31,0.015099999904632568,0.015199999809265136
2020-02-03,0.015180000066757203,0.015199999809265136
2020-02-04,0.015379999876022338,0.01603000044822693
2020-02-05,0.015199999809265136,0.0164900004863739
2020-02-06,0.015299999713897705,0.016440000534057617
2020-02-07,0.015180000066757203,0.015779999494552614
2020-02-10,0.015199999809265136,0.015470000505447388
2020-02-11,0.015379999876022338,0.01590000033378601
2020-02-12,0.01534999966621399,0.016299999952316284
2020-02-13,0.015449999570846558,0.016169999837875367
2020-02-14,0.01534999966621399,0.015880000591278077
2020-02-18,0.01534999966621399,0.015559999942779542
2020-02-19,0.015429999828338623,0.015700000524520873
2020-02-20,0.015379999876022338,0.015249999761581421
2020-02-21,0.015180000066757203,0.014709999561309814
2020-02-24,0.01503000020980835,0.013769999742507935
2020-02-25,0.014900000095367431,0.013300000429153443
2020-02-26,0.01478000044822693,0.01309999942779541
2020-02-27,0.013949999809265137,0.012990000247955323
2020-02-28,0.012300000190734864,0.011269999742507935
2020-03-02,0.011349999904632568,0.010880000591278076
2020-03-03,0.009179999828338623,0.010099999904632569
2020-03-04,0.00675000011920929,0.009919999837875367
2020-03-05,0.005950000286102295,0.009259999990463256
2020-03-06,0.004149999916553498,0.007059999704360962
2020-03-09,0.0033000001311302186,0.004990000128746033
2020-03-10,0.0038999998569488525,0.0074800002574920655
2020-03-11,0.0036800000071525573,0.008199999928474427
2020-03-12,0.0027300000190734865,0.008489999771118164
2020-03-13,0.0024300000071525575,0.009509999752044678
2020-03-16,0.0018500000238418578,0.007279999852180481
2020-03-17,0.0016500000655651093,0.00996999979019165
2020-03-18,3.0000000260770322e-05,0.012660000324249267
2020-03-19,-0.00028000000864267347,0.011189999580383301
2020-03-20,-0.00032999999821186065,0.009380000233650208
2020-03-23,-0.00039999999105930326,0.007639999985694885
2020-03-24,-0.00032999999821186065,0.008159999847412109
2020-03-25,-0.0007000000029802323,0.008579999804496766
2020-03-26,-0.0010499999672174453,0.008109999895095825
2020-03-27,-0.0005799999833106995,0.007490000128746033
2020-03-30,0.00013000000268220902,0.006700000166893006
2020-03-31,0.00029999999329447744,0.006980000138282776
2020-04-01,0.0006300000101327896,0.006349999904632569
2020-04-02,0.0006499999761581421,0.0062699997425079345
2020-04-03,0.0005799999833106995,0.005870000123977661
2020-04-06,0.0005999999865889549,0.006759999990463257
2020-04-07,0.0012800000607967378,0.007360000014305115
2020-04-08,0.0018500000238418578,0.007639999985694885
2020-04-09,0.0020999999344348905,0.007289999723434448
2020-04-13,0.0020000000298023225,0.007490000128746033
2020-04-14,0.0016500000655651093,0.007519999742507935
2020-04-15,0.0011500000208616258,0.006380000114440918
2020-04-16,0.0010999999940395355,0.00609000027179718
2020-04-17,0.001030000001192093,0.006539999842643738
2020-04-20,0.0007000000029802323,0.006259999871253967
2020-04-21,0.0009799999743700027,0.005709999799728393
2020-04-22,0.0009300000220537186,0.006190000176429749
2020-04-23,0.0009300000220537186,0.006129999756813049
2020-04-24,0.0010000000149011613,0.005960000157356263
2020-04-27,0.0009300000220537186,0.00656000018119812
2020-04-28,0.0008500000089406968,0.006100000143051148
2020-04-29,0.0009000000357627869,0.0062699997425079345
2020-04-30,0.0009000000357627869,0.00621999979019165
2020-05-01,0.0009300000220537186,0.006420000195503235
2020-05-04,0.0009000000357627869,0.00637000024318695
2020-05-05,0.0010999999940395355,0.006570000052452087
2020-05-06,0.001080000028014183,0.0071100002527236935
2020-05-07,0.000949999988079071,0.006309999823570251
2020-05-08,0.000949999988079071,0.006819999814033508
2020-05-11,0.0010499999672174453,0.007260000109672546
2020-05-12,0.0012300000339746475,0.006779999732971192
2020-05-13,0.0011500000208616258,0.006489999890327454
2020-05-14,0.0010499999672174453,0.006190000176429749
2020-05-15,0.001030000001192093,0.006399999856948852
2020-05-18,0.0010499999672174453,0.007440000176429749
2020-05-19,0.0011800000071525575,0.0071100002527236935
2020-05-20,0.0011800000071525575,0.006800000071525574
2020-05-21,0.0010999999940395355,0.006769999861717224
2020-05-22,0.0010999999940395355,0.006570000052452087
2020-05-26,0.0011800000071525575,0.006980000138282776
2020-05-27,0.0013500000536441803,0.006800000071525574
2020-05-28,0.001379999965429306,0.007049999833106994
2020-05-29,0.0012800000607967378,0.006480000019073486
2020-06-01,0.0012800000607967378,0.0066200000047683715
2020-06-02,0.0014499999582767487,0.006800000071525574
2020-06-03,0.0014800000190734863,0.007609999775886536
2020-06-04,0.0014000000059604645,0.008199999928474427
2020-06-05,0.0014499999582767487,0.009039999842643738
2020-06-08,0.0015299999713897705,0.0088400000333786
2020-06-09,0.0016500000655651093,0.008289999961853027
2020-06-10,0.0016500000655651093,0.0074800002574920655
2020-06-11,0.0015299999713897705,0.006529999971389771
2020-06-12,0.0015000000596046448,0.0069900000095367435
2020-06-15,0.001550000011920929,0.007020000219345093
2020-06-16,0.001599999964237213,0.0075599998235702515
2020-06-17,0.0016500000655651093,0.0073299998044967654
2020-06-18,0.0014000000059604645,0.006940000057220459
2020-06-19,0.001430000066757202,0.006970000267028808
2020-06-22,0.0014000000059604645,0.007039999961853028
2020-06-23,0.0014000000059604645,0.007089999914169312
2020-06-24,0.0013500000536441803,0.006840000152587891
2020-06-25,0.0012999999523162842,0.006740000247955322
2020-06-26,0.0013300000131130218,0.0063599997758865354
2020-06-29,0.00125,0.0063599997758865354
2020-06-30,0.0013500000536441803,0.006529999971389771
2020-07-01,0.0012999999523162842,0.006819999814033508
2020-07-02,0.0013300000131130218,0.006690000295639038
2020-07-06,0.0012800000607967378,0.006840000152587891
2020-07-07,0.0014000000059604645,0.0064999997615814206
2020-07-08,0.0013500000536441803,0.006529999971389771
2020-07-09,0.0012300000339746475,0.0060500001907348635
2020-07-10,0.0011999999731779098,0.006330000162124634
2020-07-13,0.00125,0.006399999856948852
2020-07-14,0.0013300000131130218,0.006150000095367432
2020-07-15,0.00125,0.0062999999523162846
2020-07-16,0.001030000001192093,0.006119999885559082
2020-07-17,0.0010499999672174453,0.0062800002098083495
2020-07-20,0.0010499999672174453,0.006200000047683716
2020-07-21,0.0010999999940395355,0.006069999933242798
2020-07-22,0.0010000000149011613,0.005950000286102295
2020-07-23,0.001030000001192093,0.005820000171661377
2020-07-24,0.0009799999743700027,0.005889999866485596
2020-07-27,0.0009300000220537186,0.00609000027179718
2020-07-28,0.001030000001192093,0.005809999704360962
2020-07-29,0.0009000000357627869,0.0057899999618530274
2020-07-30,0.0008500000089406968,0.005410000085830689
2020-07-31,0.0008299999684095383,0.005360000133514405
2020-08-03,0.0007800000160932541,0.005630000233650207
2020-08-04,0.0009000000357627869,0.005149999856948853
2020-08-05,0.000949999988079071,0.005429999828338623
2020-08-06,0.0008799999952316285,0.005360000133514405
2020-08-07,0.0008799999952316285,0.005619999766349792
2020-08-10,0.0008799999952316285,0.005740000009536743
2020-08-11,0.0010000000149011613,0.006579999923706055
2020-08-12,0.0010000000149011613,0.006700000166893006
2020-08-13,0.0009000000357627869,0.007160000205039978
2020-08-14,0.0008799999952316285,0.007089999914169312
2020-08-17,0.0008500000089406968,0.006830000281333923
2020-08-18,0.0010000000149011613,0.006690000295639038
2020-08-19,0.000949999988079071,0.00675000011920929
2020-08-20,0.0008799999952316285,0.00643999993801117
2020-08-21,0.0008799999952316285,0.006399999856948852
2020-08-24,0.0008500000089406968,0.006460000276565552
2020-08-25,0.000949999988079071,0.006819999814033508
2020-08-26,0.0009300000220537186,0.0068699997663497925
2020-08-27,0.000949999988079071,0.007459999918937683
2020-08-28,0.000949999988079071,0.007289999723434448
2020-08-31,0.000949999988079071,0.006930000185966492
2020-09-01,0.0010000000149011613,0.00671999990940094
2020-09-02,0.0010000000149011613,0.0065100002288818355
2020-09-03,0.0010000000149011613,0.00621999979019165
2020-09-04,0.001030000001192093,0.007210000157356262
2020-09-08,0.001080000028014183,0.006840000152587891
2020-09-09,0.0010499999672174453,0.00703000009059906
2020-09-10,0.001030000001192093,0.0068500000238418575
2020-09-11,0.001030000001192093,0.006690000295639038
2020-09-14,0.0010000000149011613,0.006710000038146972
2020-09-15,0.0010000000149011613,0.006790000200271607
2020-09-16,0.0010000000149011613,0.0068699997663497925
2020-09-17,0.0008500000089406968,0.006840000152587891
2020-09-18,0.0008299999684095383,0.006940000057220459
2020-09-21,0.0007999999821186065,0.006710000038146972
2020-09-22,0.0008799999952316285,0.0066399997472763065
2020-09-23,0.0008799999952316285,0.006759999990463257
2020-09-24,0.0009300000220537186,0.006660000085830688
2020-09-25,0.0009000000357627869,0.006589999794960022
2020-09-28,0.0008799999952316285,0.006629999876022339
2020-09-29,0.0008500000089406968,0.006449999809265136
2020-09-30,0.0008500000089406968,0.006769999861717224
2020-10-01,0.0008299999684095383,0.006769999861717224
2020-10-02,0.0008500000089406968,0.0069599997997283935
2020-10-05,0.0008500000089406968,0.007620000243186951
2020-10-06,0.0008799999952316285,0.007419999837875366
2020-10-07,0.0008799999952316285,0.007850000262260437
2020-10-08,0.0008799999952316285,0.007649999856948852
2020-10-09,0.0009300000220537186,0.007749999761581421
2020-10-12,0.0009000000357627869,0.007770000100135803
2020-10-13,0.0009300000220537186,0.007269999980926514
2020-10-14,0.0010000000149011613,0.0072200000286102295
2020-10-15,0.000949999988079071,0.00731000006198883
2020-10-16,0.0009000000357627869,0.007440000176429749
2020-10-19,0.0009000000357627869,0.007609999775886536
2020-10-20,0.000949999988079071,0.00796999990940094
2020-10-21,0.0009000000357627869,0.008159999847412109
2020-10-22,0.0008500000089406968,0.008479999899864197
2020-10-23,0.0008299999684095383,0.008410000205039979
2020-10-26,0.0007999999821186065,0.008009999990463257
2020-10-27,0.0009000000357627869,0.007779999971389771
2020-10-28,0.0009000000357627869,0.00781000018119812
2020-10-29,0.0008299999684095383,0.008349999785423279
2020-10-30,0.0008299999684095383,0.008600000143051147
2020-11-02,0.0008299999684095383,0.008489999771118164
2020-11-03,0.0009000000357627869,0.008820000290870666
2020-11-04,0.0008299999684095383,0.007680000066757202
2020-11-05,0.0008500000089406968,0.007760000228881836
2020-11-06,0.0008299999684095383,0.008199999928474427
2020-11-09,0.0008799999952316285,0.009580000042915345
2020-11-10,0.0009000000357627869,0.00972000002861023
2020-11-11,0.0009000000357627869,0.009580000042915345
2020-11-12,0.0008500000089406968,0.008849999904632568
2020-11-13,0.0008299999684095383,0.008930000066757203
2020-11-16,0.0007500000298023224,0.00906000018119812
2020-11-17,0.0007999999821186065,0.00871999979019165
2020-11-18,0.0007500000298023224,0.008820000290870666
2020-11-19,0.0005999999865889549,0.008539999723434449
2020-11-20,0.0005799999833106995,0.008289999961853027
2020-11-23,0.0007000000029802323,0.008569999933242797
2020-11-24,0.0007999999821186065,0.008820000290870666
2020-11-25,0.0007999999821186065,0.008780000209808349
2020-11-27,0.000729999989271164,0.008420000076293946
2020-11-30,0.0007500000298023224,0.00843999981880188
2020-12-01,0.0007999999821186065,0.009340000152587891
2020-12-02,0.0007500000298023224,0.009480000138282776
2020-12-03,0.0007500000298023224,0.009200000166893006
2020-12-04,0.0007500000298023224,0.00968999981880188
2020-12-07,0.0007000000029802323,0.009279999732971191
2020-12-08,0.0006800000369548797,0.00912999987602234
2020-12-09,0.0007000000029802323,0.00940999984741211
2020-12-10,0.0007000000029802323,0.009079999923706054
2020-12-11,0.0006499999761581421,0.008930000066757203
2020-12-14,0.0005999999865889549,0.008920000195503234
2020-12-15,0.0007000000029802323,0.009229999780654908
2020-12-16,0.0007500000298023224,0.009200000166893006
2020-12-17,0.0007999999821186065,0.009300000071525573
2020-12-18,0.0007999999821186065,0.009480000138282776
2020-12-21,0.0007800000160932541,0.00940999984741211
2020-12-22,0.0007800000160932541,0.009179999828338623
2020-12-23,0.0007500000298023224,0.009549999833106995
2020-12-24,0.0007500000298023224,0.009279999732971191
2020-12-28,0.0007999999821186065,0.009330000281333923
2020-12-29,0.0009000000357627869,0.009350000023841858
2020-12-30,0.0007000000029802323,0.009259999990463256
2020-12-31,0.0006499999761581421,0.009169999957084656
2021-01-04,0.0006800000369548797,0.009169999957084656
2021-01-05,0.0007800000160932541,0.009549999833106995
2021-01-06,0.0007800000160932541,0.010420000553131104
2021-01-07,0.0007999999821186065,0.010709999799728394
2021-01-08,0.0007999999821186065,0.011050000190734863
2021-01-11,0.0007999999821186065,0.011319999694824218
2021-01-12,0.0007999999821186065,0.011380000114440918
2021-01-13,0.0007999999821186065,0.010880000591278076
2021-01-14,0.0007500000298023224,0.01128999948501587
2021-01-15,0.0007500000298023224,0.01097000002861023
2021-01-19,0.000729999989271164,0.010920000076293946
2021-01-20,0.0007500000298023224,0.010900000333786011
2021-01-21,0.000729999989271164,0.011089999675750733
2021-01-22,0.0007000000029802323,0.010909999608993531
2021-01-25,0.0007000000029802323,0.010399999618530274
2021-01-26,0.0006800000369548797,0.010399999618530274
2021-01-27,0.0005999999865889549,0.010140000581741334
2021-01-28,0.0005499999970197678,0.010570000410079956
2021-01-29,0.00048000000417232515,0.010930000543594361
2021-02-01,0.00048000000417232515,0.010770000219345092
2021-02-02,0.0005000000074505806,0.011050000190734863
2021-02-03,0.00039999999105930326,0.0113100004196167
2021-02-04,0.00029999999329447744,0.011390000581741333
2021-02-05,0.00023000000044703483,0.011699999570846558
2021-02-08,0.00019999999552965163,0.01159999966621399
2021-02-09,0.00032999999821186065,0.01156999945640564
2021-02-10,0.00035000000149011613,0.011330000162124633
2021-02-11,0.00035000000149011613,0.011579999923706055
2021-02-12,0.00035000000149011613,0.012000000476837159
2021-02-16,0.00035000000149011613,0.012990000247955323
2021-02-17,0.00035000000149011613,0.013009999990463256
2021-02-18,0.00023000000044703483,0.012869999408721924
2021-02-19,0.00023000000044703483,0.013450000286102295
2021-02-22,0.0002500000037252903,0.013700000047683715
2021-02-23,0.00023000000044703483,0.013619999885559082
2021-02-24,0.00028000000864267347,0.013890000581741333
2021-02-25,0.00032999999821186065,0.015180000066757203
2021-02-26,0.00035000000149011613,0.014600000381469726
2021-03-01,0.00028000000864267347,0.014459999799728394
2021-03-02,0.00035000000149011613,0.014149999618530274
2021-03-03,0.00035000000149011613,0.014700000286102294
2021-03-04,0.00028000000864267347,0.015499999523162842
2021-03-05,0.00028000000864267347,0.015540000200271607
2021-03-08,0.00035000000149011613,0.015959999561309814
2021-03-09,0.00035000000149011613,0.015460000038146973
2021-03-10,0.00029999999329447744,0.015199999809265136
2021-03-11,0.00028000000864267347,0.015269999504089355
2021-03-12,0.0002500000037252903,0.016349999904632567
2021-03-15,0.00014999999664723872,0.016069999933242797
2021-03-16,8.000000379979611e-05,0.01621000051498413
2021-03-17,8.000000379979611e-05,0.016410000324249267
2021-03-18,3.0000000260770322e-05,0.017300000190734865
2021-03-19,4.999999888241291e-05,0.017319999933242798
2021-03-22,4.999999888241291e-05,0.01684000015258789
2021-03-23,9.999999776482581e-05,0.016380000114440917
2021-03-24,0.00014999999664723872,0.016139999628067017
2021-03-25,0.00014999999664723872,0.016139999628067017
2021-03-26,0.00014999999664723872,0.01659999966621399
2021-03-29,8.000000379979611e-05,0.017209999561309815
2021-03-30,0.00013000000268220902,0.017259999513626098
2021-03-31,0.00013000000268220902,0.01746000051498413
2021-04-01,8.000000379979611e-05,0.016790000200271608
2021-04-05,0.00014999999664723872,0.017200000286102295
2021-04-06,0.00014999999664723872,0.01656000018119812
2021-04-07,9.999999776482581e-05,0.01652999997138977
2021-04-08,4.999999888241291e-05,0.016319999694824217
2021-04-09,3.0000000260770322e-05,0.016660000085830688
2021-04-12,9.999999776482581e-05,0.01674999952316284
2021-04-13,0.00014999999664723872,0.016230000257492064
2021-04-14,0.00014999999664723872,0.016380000114440917
2021-04-15,9.999999776482581e-05,0.015299999713897705
2021-04-16,8.000000379979611e-05,0.015729999542236327
2021-04-19,0.00014999999664723872,0.016009999513626097
2021-04-20,0.00014999999664723872,0.01562000036239624
2021-04-21,0.00013000000268220902,0.015640000104904173
2021-04-22,0.00014999999664723872,0.015540000200271607
2021-04-23,0.00014999999664723872,0.015670000314712523
2021-04-26,8.000000379979611e-05,0.015700000524520873
2021-04-27,9.999999776482581e-05,0.01621999979019165
2021-04-28,8.000000379979611e-05,0.016200000047683717
2021-04-29,8.000000379979611e-05,0.016399999856948854
2021-04-30,3.0000000260770322e-05,0.0163100004196167
2021-05-03,4.999999888241291e-05,0.016069999933242797
2021-05-04,9.999999776482581e-05,0.015920000076293947
2021-05-05,8.000000379979611e-05,0.01583999991416931
2021-05-06,8.000000379979611e-05,0.015609999895095825
2021-05-07,8.000000379979611e-05,0.015770000219345093
2021-05-10,4.999999888241291e-05,0.016019999980926514
2021-05-11,9.999999776482581e-05,0.016239999532699584
2021-05-12,9.999999776482581e-05,0.016950000524520874
2021-05-13,8.000000379979611e-05,0.016679999828338624
2021-05-14,4.999999888241291e-05,0.016349999904632567
2021-05-17,4.999999888241291e-05,0.016399999856948854
2021-05-18,9.999999776482581e-05,0.016419999599456787
2021-05-19,4.999999888241291e-05,0.016829999685287474
2021-05-20,3.0000000260770322e-05,0.016339999437332154
2021-05-21,3.0000000260770322e-05,0.016319999694824217
2021-05-24,3.0000000260770322e-05,0.016080000400543214
2021-05-25,9.999999776482581e-05,0.015640000104904173
2021-05-26,4.999999888241291e-05,0.015740000009536743
2021-05-27,4.999999888241291e-05,0.016100000143051147
2021-05-28,8.000000379979611e-05,0.015809999704360964
2021-06-01,9.999999776482581e-05,0.01615000009536743
2021-06-02,0.00014999999664723872,0.01590999960899353
2021-06-03,0.00014999999664723872,0.01625
2021-06-04,0.00014999999664723872,0.01559999942779541
2021-06-07,0.00017999999225139617,0.01569000005722046
2021-06-08,0.00019999999552965163,0.01527999997138977
2021-06-09,0.00019999999552965163,0.014889999628067016
2021-06-10,0.00019999999552965163,0.01458999991416931
2021-06-11,0.00017999999225139617,0.01462000012397766
2021-06-14,0.00014999999664723872,0.015010000467300414
2021-06-15,0.00019999999552965163,0.014989999532699584
2021-06-16,0.00028000000864267347,0.01569000005722046
2021-06-17,0.00028000000864267347,0.015110000371932983
2021-06-18,0.00028000000864267347,0.014500000476837159
2021-06-21,0.00029999999329447744,0.014839999675750733
2021-06-22,0.0003799999877810478,0.01472000002861023
2021-06-23,0.00039999999105930326,0.014869999885559083
2021-06-24,0.00043000001460313797,0.014869999885559083
2021-06-25,0.00043000001460313797,0.015360000133514405
2021-06-28,0.00039999999105930326,0.01478000044822693
2021-06-29,0.00039999999105930326,0.014800000190734863
2021-06-30,0.00039999999105930326,0.014429999589920044
2021-07-01,0.00039999999105930326,0.014800000190734863
2021-07-02,0.0003799999877810478,0.01430999994277954
2021-07-06,0.00039999999105930326,0.013700000047683715
2021-07-07,0.00043000001460313797,0.013209999799728393
2021-07-08,0.00043000001460313797,0.01287999987602234
2021-07-09,0.00043000001460313797,0.013559999465942383
2021-07-12,0.00043000001460313797,0.013630000352859497
2021-07-13,0.00045000001788139346,0.014149999618530274
2021-07-14,0.00045000001788139346,0.013559999465942383
2021-07-15,0.0003799999877810478,0.012970000505447388
2021-07-16,0.0003799999877810478,0.012999999523162841
2021-07-19,0.00039999999105930326,0.011809999942779542
2021-07-20,0.00045000001788139346,0.012089999914169312
2021-07-21,0.00045000001788139346,0.012799999713897704
2021-07-22,0.00043000001460313797,0.012649999856948852
2021-07-23,0.00045000001788139346,0.012860000133514404
2021-07-26,0.00039999999105930326,0.012760000228881836
2021-07-27,0.00045000001788139346,0.012339999675750732
2021-07-28,0.00045000001788139346,0.012610000371932984
2021-07-29,0.00039999999105930326,0.012690000534057617
2021-07-30,0.00039999999105930326,0.012389999628067017
2021-08-02,0.0003799999877810478,0.011740000247955322
2021-08-03,0.00045000001788139346,0.011759999990463257
2021-08-04,0.00045000001788139346,0.01184000015258789
2021-08-05,0.00043000001460313797,0.012170000076293945
2021-08-06,0.00043000001460313797,0.012899999618530273
2021-08-09,0.00045000001788139346,0.013170000314712525
2021-08-10,0.0005000000074505806,0.013420000076293945
2021-08-11,0.00045000001788139346,0.013289999961853028
2021-08-12,0.00043000001460313797,0.013669999837875367
2021-08-13,0.00045000001788139346,0.012970000505447388
2021-08-16,0.0005799999833106995,0.012569999694824219
2021-08-17,0.0006300000101327896,0.012580000162124634
2021-08-18,0.0005499999970197678,0.012730000019073486
2021-08-19,0.00043000001460313797,0.012419999837875366
2021-08-20,0.00043000001460313797,0.012599999904632569
2021-08-23,0.00039999999105930326,0.012549999952316284
2021-08-24,0.00048000000417232515,0.012899999618530273
2021-08-25,0.00045000001788139346,0.013420000076293945
2021-08-26,0.00043000001460313797,0.013420000076293945
2021-08-27,0.00043000001460313797,0.01312000036239624
2021-08-30,0.0003799999877810478,0.01284999966621399
2021-08-31,0.00039999999105930326,0.013040000200271606
2021-09-01,0.00039999999105930326,0.013020000457763671
2021-09-02,0.00039999999105930326,0.012940000295639038
2021-09-03,0.00039999999105930326,0.013220000267028808
2021-09-07,0.00035000000149011613,0.013700000047683715
2021-09-08,0.00039999999105930326,0.013339999914169311
2021-09-09,0.0003799999877810478,0.012990000247955323
2021-09-10,0.0003799999877810478,0.01340999960899353
2021-09-13,0.0003799999877810478,0.013240000009536743
2021-09-14,0.00035000000149011613,0.012769999504089356
2021-09-15,0.00035000000149011613,0.013040000200271606
2021-09-16,0.00029999999329447744,0.013309999704360961
2021-09-17,0.00028000000864267347,0.013700000047683715
2021-09-20,0.0002500000037252903,0.013090000152587891
2021-09-21,0.00019999999552965163,0.013240000009536743
2021-09-22,0.0002500000037252903,0.013359999656677246
2021-09-23,0.0002500000037252903,0.014099999666213989
2021-09-24,0.0002500000037252903,0.014600000381469726
2021-09-27,0.0002500000037252903,0.014839999675750733
2021-09-28,0.00029999999329447744,0.01534000039100647
2021-09-29,0.00029999999329447744,0.015410000085830688
2021-09-30,0.00028000000864267347,0.015290000438690186
2021-10-01,0.00028000000864267347,0.014789999723434448
2021-10-04,0.00028000000864267347,0.014809999465942383
2021-10-05,0.00035000000149011613,0.015290000438690186
2021-10-06,0.00039999999105930326,0.015240000486373901
2021-10-07,0.00039999999105930326,0.015709999799728393
2021-10-08,0.00039999999105930326,0.016050000190734864
2021-10-11,0.00039999999105930326,0.016139999628067017
2021-10-12,0.00039999999105930326,0.015800000429153443
2021-10-13,0.00045000001788139346,0.015490000247955322
2021-10-14,0.00039999999105930326,0.015190000534057618
2021-10-15,0.0003799999877810478,0.015759999752044677
2021-10-18,0.00043000001460313797,0.01583999991416931
2021-10-19,0.0005000000074505806,0.016349999904632567
2021-10-20,0.0005000000074505806,0.016360000371932984
2021-10-21,0.0005000000074505806,0.016759999990463258
2021-10-22,0.0005000000074505806,0.016549999713897704
2021-10-25,0.0005000000074505806,0.016349999904632567
2021-10-26,0.0005000000074505806,0.0161899995803833
2021-10-27,0.0005000000074505806,0.015290000438690186
2021-10-28,0.00048000000417232515,0.015679999589920043
2021-10-29,0.00048000000417232515,0.015570000410079957
2021-11-01,0.00039999999105930326,0.015750000476837157
2021-11-02,0.00045000001788139346,0.015490000247955322
2021-11-03,0.00045000001788139346,0.015789999961853027
2021-11-04,0.00035000000149011613,0.015240000486373901
2021-11-05,0.00039999999105930326,0.014529999494552612
2021-11-08,0.00035000000149011613,0.014969999790191651
2021-11-09,0.00039999999105930326,0.014320000410079955
2021-11-10,0.00045000001788139346,0.01559999942779541
2021-11-11,0.00039999999105930326,0.01559999942779541
2021-11-12,0.00043000001460313797,0.015820000171661377
2021-11-15,0.0003799999877810478,0.016230000257492064
2021-11-16,0.00039999999105930326,0.016339999437332154
2021-11-17,0.00045000001788139346,0.016039999723434447
2021-11-18,0.00045000001788139346,0.015889999866485597
2021-11-19,0.00045000001788139346,0.015360000133514405
2021-11-22,0.00039999999105930326,0.01625
2021-11-23,0.00045000001788139346,0.016670000553131104
2021-11-24,0.0005000000074505806,0.016449999809265137
2021-11-26,0.00043000001460313797,0.014819999933242798
2021-11-29,0.0003799999877810478,0.015299999713897705
2021-11-30,0.00048000000417232515,0.014429999589920044
2021-12-01,0.0005000000074505806,0.01434000015258789
2021-12-02,0.00043000001460313797,0.014479999542236327
2021-12-03,0.00043000001460313797,0.01343000054359436
2021-12-06,0.00043000001460313797,0.01434000015258789
2021-12-07,0.0005799999833106995,0.014800000190734863
2021-12-08,0.0005999999865889549,0.015089999437332153
2021-12-09,0.0005299999937415123,0.014869999885559083
2021-12-10,0.0005000000074505806,0.014889999628067016
2021-12-13,0.00043000001460313797,0.014240000247955322
2021-12-14,0.00048000000417232515,0.014379999637603759
2021-12-15,0.00045000001788139346,0.014630000591278076
2021-12-16,0.00035000000149011613,0.014220000505447387
2021-12-17,0.00029999999329447744,0.014019999504089355
2021-12-20,0.0003799999877810478,0.014190000295639039
2021-12-21,0.0006499999761581421,0.014869999885559083
2021-12-22,0.0006499999761581421,0.014570000171661377
2021-12-23,0.0005799999833106995,0.014930000305175781
2021-12-27,0.00043000001460313797,0.014809999465942383
2021-12-28,0.0005000000074505806,0.014809999465942383
2021-12-29,0.00045000001788139346,0.015429999828338623
2021-12-30,0.0002500000037252903,0.015149999856948853
2021-12-31,0.00032999999821186065,0.015119999647140503
2022-01-03,0.0005299999937415123,0.01628000020980835
2022-01-04,0.0007999999821186065,0.016679999828338624
2022-01-05,0.0008500000089406968,0.01705000042915344
2022-01-06,0.0009000000357627869,0.01733000040054321
2022-01-07,0.0008799999952316285,0.017710000276565552
2022-01-10,0.0009000000357627869,0.017799999713897705
2022-01-11,0.0011800000071525575,0.01746000051498413
2022-01-12,0.0011500000208616258,0.017250000238418578
2022-01-13,0.0010999999940395355,0.017109999656677245
2022-01-14,0.0011800000071525575,0.017719999551773072
2022-01-18,0.0012999999523162842,0.018650000095367433
2022-01-19,0.0016500000655651093,0.018270000219345092
2022-01-20,0.001679999977350235,0.018329999446868896
2022-01-21,0.0015800000727176665,0.01746999979019165
2022-01-24,0.001550000011920929,0.017350000143051148
2022-01-25,0.0018500000238418578,0.017829999923706055
2022-01-26,0.0017800000309944153,0.018480000495910646
2022-01-27,0.0018500000238418578,0.018070000410079955
2022-01-28,0.0017299999296665192,0.01781999945640564
2022-01-31,0.0017299999296665192,0.01781999945640564
2022-02-01,0.002029999941587448,0.017999999523162842
2022-02-02,0.0018500000238418578,0.01766000032424927
2022-02-03,0.0019300000369548798,0.018270000219345092
2022-02-04,0.0022300000488758086,0.019299999475479127
2022-02-07,0.002029999941587448,0.01916000008583069
2022-02-08,0.002750000059604645,0.019539999961853027
2022-02-09,0.0027000001072883606,0.019290000200271606
2022-02-10,0.0037000000476837156,0.020309998989105224
2022-02-11,0.0033799999952316283,0.019550000429153443
2022-02-14,0.0036000001430511477,0.01996000051498413
2022-02-15,0.004000000059604645,0.020450000762939454
2022-02-16,0.0037299999594688415,0.02046999931335449
2022-02-17,0.003449999988079071,0.01972000002861023
2022-02-18,0.0031799998879432677,0.019320000410079956
2022-02-22,0.0033000001311302186,0.019479999542236327
2022-02-23,0.003400000035762787,0.019769999980926514
2022-02-24,0.0028299999237060545,0.01968999981880188
2022-02-25,0.0029800000786781313,0.019859999418258667
2022-02-28,0.0028799998760223387,0.018389999866485596
2022-03-01,0.0031299999356269835,0.017070000171661378
2022-03-02,0.0032499998807907103,0.018650000095367433
2022-03-03,0.003350000083446503,0.01843999981880188
2022-03-04,0.003050000071525574,0.017239999771118165
2022-03-07,0.003050000071525574,0.017510000467300415
2022-03-08,0.0036000001430511477,0.01871999979019165
2022-03-09,0.0037000000476837156,0.019479999542236327
2022-03-10,0.0036000001430511477,0.020109999179840087
2022-03-11,0.0036500000953674314,0.02003999948501587
2022-03-14,0.0037799999117851257,0.021400001049041748
2022-03-15,0.0044800001382827755,0.021600000858306885
2022-03-16,0.0043299999833106995,0.02187999963760376
2022-03-17,0.0036000001430511477,0.02191999912261963
2022-03-18,0.00382999986410141,0.021480000019073485
2022-03-21,0.004550000131130219,0.02315000057220459
2022-03-22,0.005199999809265137,0.02372999906539917
2022-03-23,0.004799999892711639,0.02321000099182129
2022-03-24,0.004830000102519989,0.023410000801086427
2022-03-25,0.005199999809265137,0.02492000102996826
2022-03-28,0.0050800001621246335,0.024769999980926515
2022-03-29,0.005550000071525574,0.024000000953674317
2022-03-30,0.005249999761581421,0.023580000400543213
2022-03-31,0.0049300000071525575,0.023269999027252197
2022-04-01,0.005,0.02377000093460083
2022-04-04,0.005379999876022339,0.024119999408721924
2022-04-05,0.006679999828338623,0.025559999942779542
2022-04-06,0.006629999876022339,0.026089999675750732
2022-04-07,0.006600000262260437,0.026519999504089356
2022-04-08,0.006679999828338623,0.027130000591278076
2022-04-11,0.006800000071525574,0.027799999713897704
2022-04-12,0.00737999975681305,0.027249999046325683
2022-04-13,0.007400000095367431,0.02687000036239624
2022-04-14,0.0074800002574920655,0.028280000686645507
2022-04-18,0.007549999952316284,0.02861999988555908
2022-04-19,0.008330000042915344,0.029130001068115235
2022-04-20,0.007950000166893005,0.028399999141693114
2022-04-21,0.00800000011920929,0.029170000553131105
2022-04-22,0.007799999713897705,0.029059998989105225
2022-04-25,0.007979999780654907,0.028259999752044677
2022-04-26,0.008330000042915344,0.027720000743865967
2022-04-27,0.008080000281333924,0.02818000078201294
2022-04-28,0.007850000262260437,0.0286299991607666
2022-04-29,0.008080000281333924,0.028870000839233398
2022-05-02,0.007649999856948852,0.029960000514984132
2022-05-03,0.008949999809265136,0.029600000381469725
2022-05-04,0.008330000042915344,0.029170000553131105
2022-05-05,0.008029999732971192,0.03065999984741211
2022-05-06,0.008149999976158142,0.03122999906539917
2022-05-09,0.00800000011920929,0.030789999961853026
2022-05-10,0.008780000209808349,0.029930000305175782
2022-05-11,0.008830000162124634,0.02921000003814697
2022-05-12,0.009049999713897704,0.028169999122619627
2022-05-13,0.009430000185966491,0.029349999427795412
2022-05-16,0.009800000190734863,0.02877000093460083
2022-05-17,0.010379999876022339,0.029679999351501465
2022-05-18,0.01003000020980835,0.028859999179840088
2022-05-19,0.01,0.028550000190734864
2022-05-20,0.009779999852180482,0.027869999408721924
2022-05-23,0.009929999709129333,0.02858999967575073
2022-05-24,0.010429999828338622,0.027599999904632567
2022-05-25,0.010449999570846557,0.02749000072479248
2022-05-26,0.01027999997138977,0.0275600004196167
2022-05-27,0.01024999976158142,0.02743000030517578
2022-05-31,0.010299999713897705,0.028440001010894774
2022-06-01,0.01103000044822693,0.02930999994277954
2022-06-02,0.011130000352859498,0.029130001068115235
2022-06-03,0.011349999904632568,0.02957000017166138
2022-06-06,0.01159999966621399,0.030380001068115236
2022-06-07,0.012250000238418579,0.029719998836517336
2022-06-08,0.012330000400543212,0.030290000438690186
2022-06-09,0.012380000352859497,0.030439999103546143
2022-06-10,0.01287999987602234,0.03155999898910523
2022-06-13,0.014980000257492066,0.03365999937057495
2022-06-14,0.01743000030517578,0.03483000040054321
2022-06-15,0.016950000524520874,0.033949999809265136
2022-06-16,0.014830000400543213,0.03306999921798706
2022-06-17,0.015099999904632568,0.032390000820159914
2022-06-21,0.014880000352859498,0.03306999921798706
2022-06-22,0.015449999570846558,0.03155999898910523
2022-06-23,0.01559999942779541,0.03068000078201294
2022-06-24,0.015980000495910644,0.03125
2022-06-27,0.016330000162124634,0.03194000005722046
2022-06-28,0.017380000352859498,0.03206000089645386
2022-06-29,0.01705000042915344,0.030929999351501467
2022-06-30,0.01600000023841858,0.029719998836517336
2022-07-01,0.01603000044822693,0.028889999389648438
2022-07-05,0.016299999952316284,0.02809000015258789
2022-07-06,0.018400000333786012,0.029130001068115235
2022-07-07,0.01853000044822693,0.03007999897003174
2022-07-08,0.01843000054359436,0.031010000705718993
2022-07-11,0.019529999494552613,0.029909999370574952
2022-07-12,0.0211299991607666,0.029579999446868895
2022-07-13,0.023229999542236326,0.029040000438690185
2022-07-14,0.022730000019073486,0.029600000381469725
2022-07-15,0.022400000095367432,0.02930000066757202
2022-07-18,0.02259999990463257,0.029600000381469725
2022-07-19,0.024500000476837158,0.030190000534057616
2022-07-20,0.02378000020980835,0.030360000133514406
2022-07-21,0.023599998950958254,0.029100000858306885
2022-07-22,0.023550000190734863,0.027829999923706054
2022-07-25,0.023929998874664307,0.028199999332427977
2022-07-26,0.024749999046325685,0.027869999408721924
2022-07-27,0.023829998970031737,0.027339999675750733
2022-07-28,0.02308000087738037,0.02680999994277954
2022-07-29,0.022980000972747803,0.026419999599456786
2022-08-01,0.02265000104904175,0.026059999465942382
2022-08-02,0.024630000591278078,0.02740999937057495
2022-08-03,0.02427999973297119,0.02747999906539917
2022-08-04,0.02378000020980835,0.026760001182556153
2022-08-05,0.024100000858306884,0.028399999141693114
2022-08-08,0.024600000381469728,0.027650001049041747
2022-08-09,0.02569999933242798,0.02796999931335449
2022-08-10,0.025350000858306885,0.027860000133514404
2022-08-11,0.02490000009536743,0.028880000114440918
2022-08-12,0.025,0.028489999771118164
2022-08-15,0.025130000114440918,0.027909998893737794
2022-08-16,0.025980000495910646,0.028239998817443848
2022-08-17,0.02568000078201294,0.028929998874664308
2022-08-18,0.02565000057220459,0.02880000114440918
2022-08-19,0.025799999237060545,0.029890000820159912
2022-08-22,0.026480000019073486,0.030369999408721923
2022-08-23,0.027030000686645506,0.03053999900817871
2022-08-24,0.027130000591278076,0.031059999465942383
2022-08-25,0.027300000190734863,0.030260000228881836
2022-08-26,0.02755000114440918,0.030350000858306886
2022-08-29,0.027980000972747804,0.031099998950958253
2022-08-30,0.02872999906539917,0.031099998950958253
2022-08-31,0.02859999895095825,0.03132999897003174
2022-09-01,0.0286299991607666,0.03265000104904175
2022-09-02,0.028199999332427977,0.03193000078201294
2022-09-06,0.028450000286102294,0.033399999141693115
2022-09-07,0.02933000087738037,0.03265000104904175
2022-09-08,0.02950000047683716,0.0329200005531311
2022-09-09,0.029679999351501465,0.03321000099182129
2022-09-12,0.02994999885559082,0.03361999988555908
2022-09-13,0.03153000116348267,0.03421999931335449
2022-09-14,0.03128000020980835,0.03411999940872192
2022-09-15,0.030950000286102296,0.03459000110626221
2022-09-16,0.03069999933242798,0.03447999954223633
2022-09-19,0.030350000858306886,0.03490000009536743
2022-09-20,0.03243000030517578,0.03571000099182129
2022-09-21,0.03190000057220459,0.03509999990463257
2022-09-22,0.03130000114440918,0.0370799994468689
2022-09-23,0.031080000400543213,0.03697000026702881
2022-09-26,0.031649999618530274,0.038780000209808346
2022-09-27,0.0325,0.039639999866485594
2022-09-28,0.03230000019073486,0.037049999237060545
2022-09-29,0.03217999935150147,0.03746999979019165
2022-09-30,0.03180000066757202,0.03803999900817871
2022-10-03,0.03150000095367431,0.03651000022888184
2022-10-04,0.03315000057220459,0.036170001029968264
2022-10-05,0.03292999982833862,0.03759000062942505
2022-10-06,0.032880001068115235,0.03825999975204468
2022-10-07,0.03292999982833862,0.03882999897003174
2022-10-10,0.03285000085830689,0.03888000011444092
2022-10-11,0.033399999141693115,0.03938999891281128
2022-10-12,0.03532999992370606,0.03901999950408935
2022-10-13,0.0358299994468689,0.0395199990272522
2022-10-14,0.03628000020980835,0.04010000228881836
2022-10-17,0.03687999963760376,0.040149998664855954
2022-10-18,0.0383299994468689,0.03997999906539917
2022-10-19,0.03892999887466431,0.04126999855041504
2022-10-20,0.038900001049041746,0.0422599983215332
2022-10-21,0.038849999904632566,0.04212999820709228
2022-10-24,0.03913000106811523,0.04234000205993652
2022-10-25,0.039649999141693114,0.04107999801635742
2022-10-26,0.03930000066757202,0.040149998664855954
2022-10-27,0.03930000066757202,0.03937000036239624
2022-10-28,0.039700000286102294,0.04010000228881836
2022-10-31,0.03974999904632568,0.04077000141143799
2022-11-01,0.040500001907348634,0.040520000457763675
2022-11-02,0.040250000953674314,0.04059000015258789
2022-11-03,0.040250000953674314,0.04124000072479248
2022-11-04,0.04013000011444092,0.041560001373291015
2022-11-07,0.039830000400543214,0.04214000225067139
2022-11-08,0.04090000152587891,0.04125999927520752
2022-11-09,0.04092999935150146,0.041510000228881835
2022-11-10,0.04054999828338623,0.038289999961853026
2022-11-11,0.04063000202178955,0.03812999963760376
2022-11-14,0.04067999839782715,0.03865000009536743
2022-11-15,0.04130000114440918,0.03799000024795532
2022-11-16,0.04125,0.03691999912261963
2022-11-17,0.0411299991607666,0.03775000095367432
2022-11-18,0.04135000228881836,0.03818000078201294
2022-11-21,0.04098000049591064,0.03825000047683716
2022-11-22,0.04197999954223633,0.03757999897003174
2022-11-23,0.04199999809265137,0.03706000089645386
2022-11-25,0.041750001907348636,0.03690999984741211
2022-11-28,0.04183000087738037,0.037030000686645505
2022-11-29,0.042529997825622556,0.03747999906539917
2022-11-30,0.042529997825622556,0.037030000686645505
2022-12-01,0.04192999839782715,0.03529000043869018
2022-12-02,0.04208000183105469,0.035060000419616696
2022-12-05,0.041579999923706056,0.035989999771118164
2022-12-06,0.0421999979019165,0.03513000011444092
2022-12-07,0.04183000087738037,0.034079999923706056
2022-12-08,0.041500000953674315,0.03490999937057495
2022-12-09,0.04172999858856201,0.03566999912261963
2022-12-12,0.041680002212524415,0.036110000610351564
2022-12-13,0.04248000144958496,0.035009999275207516
2022-12-14,0.0421999979019165,0.03503000020980835
2022-12-15,0.04212999820709228,0.034500000476837156
2022-12-16,0.041630001068115235,0.034820001125335696
2022-12-19,0.041630001068115235,0.03581000089645386
2022-12-20,0.04230000019073486,0.03684000015258789
2022-12-21,0.04204999923706055,0.03684000015258789
2022-12-22,0.04208000183105469,0.036689999103546145
2022-12-23,0.04192999839782715,0.03750999927520752
2022-12-27,0.04195000171661377,0.03859999895095825
2022-12-28,0.043379998207092284,0.0388700008392334
2022-12-29,0.04295000076293945,0.038350000381469726
2022-12-30,0.042600002288818356,0.038789999485015866
2023-01-03,0.04255000114440918,0.037929999828338626
2023-01-04,0.04400000095367432,0.037090001106262205
2023-01-05,0.04498000144958496,0.03720000028610229
2023-01-06,0.04493000030517578,0.03569000005722046
2023-01-09,0.044829998016357425,0.03516999959945679
2023-01-10,0.04565000057220459,0.03621000051498413
2023-01-11,0.04554999828338623,0.03553999900817871
2023-01-12,0.044749999046325685,0.03448999881744385
2023-01-13,0.0448799991607666,0.03510999917984009
2023-01-17,0.04493000030517578,0.03535000085830688
2023-01-18,0.0453000020980835,0.03375
2023-01-19,0.04525000095367432,0.03397000074386597
2023-01-20,0.04538000106811523,0.03483999967575073
2023-01-23,0.04534999847412109,0.03525000095367432
2023-01-24,0.045729999542236326,0.034690001010894776
2023-01-25,0.04545000076293945,0.03461999893188476
2023-01-26,0.04543000221252441,0.03493000030517578
2023-01-27,0.04547999858856201,0.0351799988746643
2023-01-30,0.04534999847412109,0.03551000118255615
2023-01-31,0.04570000171661377,0.03529000043869018
2023-02-01,0.04519999980926514,0.03397000074386597
2023-02-02,0.04510000228881836,0.033959999084472656
2023-02-03,0.04522999763488769,0.03532000064849854
2023-02-06,0.04532999992370605,0.03634000062942505
2023-02-07,0.04570000171661377,0.036740000247955325
2023-02-08,0.045850000381469726,0.036530001163482664
2023-02-09,0.0461299991607666,0.03683000087738037
2023-02-10,0.04635000228881836,0.0374399995803833
2023-02-13,0.04644999980926514,0.037170000076293945
2023-02-14,0.04659999847412109,0.037609999179840085
2023-02-15,0.0464300012588501,0.03809000015258789
2023-02-16,0.04664999961853027,0.038429999351501466
2023-02-17,0.046799998283386234,0.038280000686645506
2023-02-21,0.04688000202178955,0.03954999923706055
2023-02-22,0.046950001716613766,0.0392300009727478
2023-02-23,0.046900000572204587,0.038789999485015866
2023-02-24,0.04703000068664551,0.03948999881744385
2023-02-27,0.04664999961853027,0.039219999313354494
2023-02-28,0.04710000038146973,0.039159998893737794
2023-03-01,0.04724999904632568,0.0399399995803833
2023-03-02,0.04723000049591065,0.04072999954223633
2023-03-03,0.04717999935150147,0.039639999866485594
2023-03-06,0.04728000164031983,0.039830000400543214
2023-03-07,0.0484499979019165,0.03974999904632568
2023-03-08,0.048829998970031735,0.039760000705718994
2023-03-09,0.04848000049591064,0.03924999952316284
2023-03-10,0.048029999732971194,0.03694999933242798
2023-03-13,0.04657999992370605,0.03515000104904175
2023-03-14,0.046799998283386234,0.03638000011444092
2023-03-15,0.04558000087738037,0.03492000102996826
2023-03-16,0.0453000020980835,0.035850000381469724
2023-03-17,0.04293000221252442,0.033949999809265136
2023-03-20,0.044650001525878905,0.03480999946594238
2023-03-21,0.046050000190734866,0.036059999465942384
2023-03-22,0.04563000202178955,0.035
2023-03-23,0.04502999782562256,0.03405999898910522
2023-03-24,0.04502999782562256,0.03380000114440918
2023-03-27,0.045830001831054686,0.03528000116348266
2023-03-28,0.04627999782562256,0.03563999891281128
2023-03-29,0.04630000114440918,0.03565999984741211
2023-03-30,0.04664999961853027,0.03551000118255615
2023-03-31,0.045850000381469726,0.0349399995803833
2023-04-03,0.04570000171661377,0.03430000066757202
2023-04-04,0.04728000164031983,0.03336999893188477
2023-04-05,0.04704999923706055,0.03286999940872192
2023-04-06,0.04710000038146973,0.032880001068115235
2023-04-10,0.04837999820709229,0.034149999618530276
2023-04-11,0.04880000114440918,0.03434000015258789
2023-04-12,0.04860000133514404,0.034210000038146976
2023-04-13,0.04855000019073486,0.034519999027252196
2023-04-14,0.049029998779296875,0.03522000074386597
2023-04-17,0.04922999858856201,0.035910000801086424
2023-04-18,0.050300002098083496,0.03572000026702881
2023-04-19,0.04994999885559082,0.03601999998092651
2023-04-20,0.04945000171661377,0.03545000076293945
2023-04-21,0.04949999809265137,0.03569999933242798
2023-04-24,0.04873000144958496,0.03515000104904175
2023-04-25,0.04953000068664551,0.033959999084472656
2023-04-26,0.04985000133514404,0.03431999921798706
2023-04-27,0.05,0.03528000116348266
2023-04-28,0.04922999858856201,0.034519999027252196
2023-05-01,0.04864999771118164,0.03573999881744385
2023-05-02,0.050399999618530276,0.034389998912811276
2023-05-03,0.050949997901916504,0.03403000116348267
2023-05-04,0.05054999828338623,0.033510000705718995
2023-05-05,0.05079999923706055,0.03446000099182129
2023-05-08,0.05083000183105469,0.03520999908447266
2023-05-09,0.051230001449584964,0.03520999908447266
2023-05-10,0.05065000057220459,0.034389998912811276
2023-05-11,0.050149998664855956,0.03397000074386597
2023-05-12,0.050279998779296876,0.034630000591278076
2023-05-15,0.05,0.03507999897003174
2023-05-16,0.05058000087738037,0.035490000247955324
2023-05-17,0.050879998207092283,0.03581000089645386
2023-05-18,0.05125,0.036480000019073484
2023-05-19,0.05085000038146972,0.03691999912261963
2023-05-22,0.050949997901916504,0.03719000101089478
2023-05-23,0.05152999877929688,0.036979999542236325
2023-05-24,0.05184999942779541,0.03719000101089478
2023-05-25,0.05163000106811524,0.03813999891281128
2023-05-26,0.051149997711181644,0.03809999942779541
2023-05-30,0.0514300012588501,0.03700000047683716
2023-05-31,0.05248000144958496,0.0363700008392334
2023-06-01,0.05203000068664551,0.03608000040054321
2023-06-02,0.052150001525878904,0.03690999984741211
2023-06-05,0.0514300012588501,0.03693000078201294
2023-06-06,0.05157999992370606,0.036989998817443845
2023-06-07,0.05152999877929688,0.03783999919891357
2023-06-08,0.050999999046325684,0.0371399998664856
2023-06-09,0.050949997901916504,0.03744999885559082
2023-06-12,0.050949997901916504,0.037650001049041745
2023-06-13,0.050999999046325684,0.03838999986648559
2023-06-14,0.05079999923706055,0.03796000003814697
2023-06-15,0.05054999828338623,0.03727999925613403
2023-06-16,0.05065000057220459,0.03769000053405762
2023-06-20,0.05074999809265137,0.037290000915527345
2023-06-21,0.05135000228881836,0.037230000495910645
2023-06-22,0.05135000228881836,0.03799000024795532
2023-06-23,0.05138000011444092,0.03739000082015991
2023-06-26,0.0515500020980835,0.03719000101089478
2023-06-27,0.05179999828338623,0.037679998874664306
2023-06-28,0.05170000076293945,0.037100000381469725
2023-06-29,0.05175000190734863,0.038540000915527346
2023-06-30,0.05152999877929688,0.03819000005722046
2023-07-03,0.05144999980926514,0.03858000040054321
2023-07-05,0.05192999839782715,0.03944999933242798
2023-07-06,0.052129998207092285,0.040409998893737795
2023-07-07,0.052129998207092285,0.040500001907348634
2023-07-10,0.052249999046325685,0.0400600004196167
2023-07-11,0.05243000030517578,0.03980000019073486
2023-07-12,0.052300000190734865,0.03861000061035156
2023-07-13,0.052230000495910645,0.037609999179840085
2023-07-14,0.052150001525878904,0.03819000005722046
2023-07-17,0.052329998016357425,0.03796999931335449
2023-07-18,0.05248000144958496,0.03789000034332275
2023-07-19,0.05244999885559082,0.03742000102996826
2023-07-20,0.05243000030517578,0.038540000915527346
2023-07-21,0.05248000144958496,0.038369998931884766
2023-07-24,0.0525,0.03857000112533569
2023-07-25,0.05264999866485596,0.03911999940872193
2023-07-26,0.0526800012588501,0.03851000070571899
2023-07-27,0.0526800012588501,0.0401200008392334
2023-07-28,0.05255000114440918,0.039690001010894774
2023-07-31,0.05248000144958496,0.03959000110626221
2023-08-01,0.05260000228881836,0.040510001182556155
2023-08-02,0.05260000228881836,0.04078000068664551
2023-08-03,0.05257999897003174,0.04189000129699707
2023-08-04,0.05252999782562256,0.04059999942779541
2023-08-07,0.05260000228881836,0.04078000068664551
2023-08-08,0.05275000095367432,0.040260000228881834
2023-08-09,0.0528000020980835,0.0401200008392334
2023-08-10,0.0526800012588501,0.04079999923706055
2023-08-11,0.05264999866485596,0.041680002212524415
2023-08-14,0.05269999980926514,0.04184000015258789
2023-08-15,0.0528000020980835,0.0422100019454956
2023-08-16,0.05284999847412109,0.042579998970031736
2023-08-17,0.05277999877929687,0.04308000087738037
2023-08-18,0.05277999877929687,0.042509999275207516
2023-08-21,0.0528000020980835,0.043420000076293944
2023-08-22,0.05295000076293945,0.04328000068664551
2023-08-23,0.05295000076293945,0.04197999954223633
2023-08-24,0.05302999973297119,0.04235000133514404
2023-08-25,0.05315000057220459,0.04238999843597412
2023-08-28,0.053229999542236325,0.04211999893188476
2023-08-29,0.05320000171661377,0.04122000217437744
2023-08-30,0.05315000057220459,0.04118000030517578
2023-08-31,0.05297999858856201,0.04092999935150146
2023-09-01,0.0526800012588501,0.04172999858856201
2023-09-05,0.05277999877929687,0.042680001258850096
2023-09-06,0.05300000190734863,0.04289999961853028
2023-09-07,0.05282999992370605,0.042600002288818356
2023-09-08,0.05293000221252441,0.042579998970031736
2023-09-11,0.05293000221252441,0.04288000106811524
2023-09-12,0.05304999828338623,0.042639999389648436
2023-09-13,0.05304999828338623,0.04249000072479248
2023-09-14,0.05295000076293945,0.04288000106811524
2023-09-15,0.05297999858856201,0.04322000026702881
2023-09-18,0.05300000190734863,0.04318999767303467
2023-09-19,0.05309999942779541,0.04364999771118164
2023-09-20,0.05315000057220459,0.043489999771118164
2023-09-21,0.05304999828338623,0.044800000190734865
2023-09-22,0.05304999828338623,0.04438000202178955
2023-09-25,0.05313000202178955,0.04541999816894531
2023-09-26,0.053249998092651366,0.04558000087738037
2023-09-27,0.053299999237060545,0.04625999927520752
2023-09-28,0.05308000087738037,0.045970001220703126
2023-09-29,0.05300000190734863,0.045729999542236326
2023-10-02,0.05315000057220459,0.04683000087738037
2023-10-03,0.053400001525878905,0.048020000457763674
2023-10-04,0.053350000381469725,0.04735000133514404
2023-10-05,0.053249998092651366,0.04717000007629395
2023-10-06,0.053480000495910646,0.047839999198913574
2023-10-09,0.053480000495910646,0.047969999313354494
2023-10-10,0.053229999542236325,0.04655000209808349
2023-10-11,0.053350000381469725,0.045949997901916506
2023-10-12,0.053350000381469725,0.04711999893188477
2023-10-13,0.053280000686645505,0.04629000186920166
2023-10-16,0.053280000686645505,0.04711999893188477
2023-10-17,0.053400001525878905,0.04847000122070313
2023-10-18,0.053299999237060545,0.049039998054504395
2023-10-19,0.05309999942779541,0.0498799991607666
2023-10-20,0.05300000190734863,0.04923999786376953
2023-10-23,0.05293000221252441,0.04837999820709229
2023-10-24,0.05308000087738037,0.04840000152587891
2023-10-25,0.05315000057220459,0.04953000068664551
2023-10-26,0.05300000190734863,0.0484499979019165
2023-10-27,0.05304999828338623,0.0484499979019165
2023-10-30,0.05313000202178955,0.04875
2023-10-31,0.05320000171661377,0.04875
2023-11-01,0.05300000190734863,0.047890000343322754
2023-11-02,0.05269999980926514,0.04669000148773193
2023-11-03,0.05252999782562256,0.04558000087738037
2023-11-06,0.05260000228881836,0.04662000179290771
2023-11-07,0.0527299976348877,0.04571000099182129
2023-11-08,0.0526800012588501,0.04522999763488769
2023-11-09,0.05263000011444092,0.04630000114440918
2023-11-10,0.0525,0.04627999782562256
2023-11-13,0.05260000228881836,0.04631999969482422
2023-11-14,0.05252999782562256,0.04440999984741211
2023-11-15,0.05255000114440918,0.04534999847412109
2023-11-16,0.05243000030517578,0.04445000171661377
2023-11-17,0.052329998016357425,0.04440999984741211
2023-11-20,0.052379999160766605,0.04421999931335449
2023-11-21,0.05255000114440918,0.04418000221252441
2023-11-22,0.05264999866485596,0.04415999889373779
2023-11-24,0.05252999782562256,0.044720001220703125
2023-11-27,0.05257999897003174,0.04388999938964844
2023-11-28,0.05260000228881836,0.043359999656677244
2023-11-29,0.05239999771118164,0.042709999084472657
2023-11-30,0.052379999160766605,0.043520002365112304
2023-12-01,0.052150001525878904,0.0422599983215332
2023-12-04,0.052230000495910645,0.04288000106811524
2023-12-05,0.05243000030517578,0.041710000038146976
2023-12-06,0.05243000030517578,0.04120999813079834
2023-12-07,0.052329998016357425,0.04129000186920166
2023-12-08,0.052329998016357425,0.04244999885559082
2023-12-11,0.052329998016357425,0.04238999843597412
2023-12-12,0.05248000144958496,0.04205999851226807
2023-12-13,0.052230000495910645,0.040329999923706054
2023-12-14,0.052150001525878904,0.03930000066757202
2023-12-15,0.052249999046325685,0.039279999732971194
2023-12-18,0.052249999046325685,0.03953999996185303
2023-12-19,0.052379999160766605,0.039219999313354494
2023-12-20,0.052300000190734865,0.03877000093460083
2023-12-21,0.052100000381469724,0.03894000053405762
2023-12-22,0.052080001831054684,0.03901000022888183
2023-12-26,0.05203000068664551,0.038859999179840087
2023-12-27,0.052350001335144045,0.03789000034332275
2023-12-28,0.052179999351501465,0.038499999046325686
2023-12-29,0.05179999828338623,0.03865999937057495
2024-01-02,0.052129998207092285,0.03946000099182129
2024-01-03,0.052350001335144045,0.03907000064849853
2024-01-04,0.052280001640319824,0.039909999370574954
2024-01-05,0.052199997901916505,0.040419998168945315
2024-01-08,0.052199997901916505,0.04001999855041504
2024-01-09,0.052300000190734865,0.040190000534057614
2024-01-10,0.052249999046325685,0.040300002098083494
2024-01-11,0.052179999351501465,0.039769999980926514
2024-01-12,0.05197999954223633,0.03950000047683716
2024-01-16,0.05203000068664551,0.04065999984741211
2024-01-17,0.052150001525878904,0.04105999946594238
2024-01-18,0.051999998092651364,0.041440000534057615
2024-01-19,0.05197999954223633,0.041459999084472655
2024-01-22,0.051999998092651364,0.04093999862670898
2024-01-23,0.052100000381469724,0.041420001983642575
2024-01-24,0.052100000381469724,0.04177999973297119
2024-01-25,0.05195000171661377,0.04131999969482422
2024-01-26,0.051999998092651364,0.041599998474121096
2024-01-29,0.051999998092651364,0.04091000080108643
2024-01-30,0.05203000068664551,0.04059000015258789
2024-01-31,0.05188000202178955,0.03967000007629395
2024-02-01,0.051999998092651364,0.0386299991607666
2024-02-02,0.052100000381469724,0.040329999923706054
2024-02-05,0.052280001640319824,0.041640000343322756
2024-02-06,0.052230000495910645,0.04090000152587891
2024-02-07,0.052230000495910645,0.04110000133514404
2024-02-08,0.052179999351501465,0.041700000762939456
2024-02-09,0.052199997901916505,0.04186999797821045
2024-02-12,0.052280001640319824,0.04171999931335449
2024-02-13,0.052329998016357425,0.04315999984741211
2024-02-14,0.052179999351501465,0.042670001983642576
2024-02-15,0.052179999351501465,0.04239999771118164
2024-02-16,0.052230000495910645,0.04295000076293945
2024-02-20,0.052129998207092285,0.042750000953674316
2024-02-21,0.052350001335144045,0.04324999809265137
2024-02-22,0.052329998016357425,0.04327000141143799
2024-02-23,0.05239999771118164,0.042600002288818356
2024-02-26,0.0525,0.04298999786376953
2024-02-27,0.05244999885559082,0.04315000057220459
2024-02-28,0.05239999771118164,0.042740001678466796
2024-02-29,0.052230000495910645,0.042519998550415036
2024-03-01,0.052150001525878904,0.04179999828338623
2024-03-04,0.052230000495910645,0.04218999862670898
2024-03-05,0.052249999046325685,0.041370000839233395
2024-03-06,0.052300000190734865,0.04104000091552734
2024-03-07,0.052280001640319824,0.04092000007629395
2024-03-08,0.052280001640319824,0.04089000225067139
2024-03-11,0.05239999771118164,0.04104000091552734
2024-03-12,0.05239999771118164,0.041550002098083495
2024-03-13,0.052379999160766605,0.04191999912261963
2024-03-14,0.052379999160766605,0.04297999858856201
2024-03-15,0.052379999160766605,0.04303999900817871
2024-03-18,0.052379999160766605,0.043400001525878903
2024-03-19,0.052379999160766605,0.04296999931335449
2024-03-20,0.052280001640319824,0.0427299976348877
2024-03-21,0.052280001640319824,0.042709999084472657
2024-03-22,0.052199997901916505,0.04217999935150146
2024-03-25,0.052179999351501465,0.042529997825622556
2024-03-26,0.052179999351501465,0.04234000205993652
2024-03-27,0.052150001525878904,0.04196000099182129
2024-03-28,0.05203000068664551,0.04205999851226807
2024-04-01,0.052179999351501465,0.04328999996185303
2024-04-02,0.052129998207092285,0.04364999771118164
2024-04-03,0.052100000381469724,0.043550000190734864
2024-04-04,0.05203000068664551,0.04309000015258789
2024-04-05,0.052150001525878904,0.04377999782562256
2024-04-08,0.052230000495910645,0.04423999786376953
2024-04-09,0.052199997901916505,0.043660001754760744
2024-04-10,0.05243000030517578,0.04559999942779541
2024-04-11,0.052379999160766605,0.045760002136230465
2024-04-12,0.052300000190734865,0.04499000072479248
2024-04-15,0.052379999160766605,0.04627999782562256
2024-04-16,0.052329998016357425,0.04658999919891357
2024-04-17,0.05239999771118164,0.045850000381469726
2024-04-18,0.05243000030517578,0.04646999835968017
2024-04-19,0.05244999885559082,0.04614999771118164
2024-04-22,0.05244999885559082,0.04623000144958496
2024-04-23,0.05244999885559082,0.045980000495910646
2024-04-24,0.05255000114440918,0.04651999950408935
2024-04-25,0.05244999885559082,0.04705999851226807
2024-04-26,0.052379999160766605,0.04669000148773193
2024-04-29,0.05243000030517578,0.04613999843597412
2024-04-30,0.05244999885559082,0.04685999870300293
2024-05-01,0.0525,0.045949997901916506
2024-05-02,0.052379999160766605,0.04571000099182129
2024-05-03,0.052350001335144045,0.045
2024-05-06,0.05239999771118164,0.04488999843597412
2024-05-07,0.05243000030517578,0.044629998207092285
2024-05-08,0.05244999885559082,0.044920001029968265
2024-05-09,0.05239999771118164,0.044489998817443845
2024-05-10,0.05243000030517578,0.04504000186920166
2024-05-13,0.05239999771118164,0.044809999465942385
2024-05-14,0.052350001335144045,0.04445000171661377
2024-05-15,0.05239999771118164,0.043559999465942384
2024-05-16,0.05243000030517578,0.04376999855041504
2024-05-17,0.05239999771118164,0.04420000076293945
2024-05-20,0.05239999771118164,0.04436999797821045
2024-05-21,0.05239999771118164,0.04414000034332275
2024-05-22,0.05244999885559082,0.04434000015258789
2024-05-23,0.05244999885559082,0.044749999046325685
2024-05-24,0.05244999885559082,0.044670000076293945
2024-05-28,0.05248000144958496,0.04541999816894531
2024-05-29,0.0525,0.04624000072479248
2024-05-30,0.05248000144958496,0.04553999900817871
2024-05-31,0.05244999885559082,0.04513999938964844
2024-06-03,0.05243000030517578,0.04401999950408936
2024-06-04,0.05239999771118164,0.043359999656677244
2024-06-05,0.05239999771118164,0.04289000034332276
2024-06-06,0.052329998016357425,0.042810001373291016
2024-06-07,0.052379999160766605,0.04429999828338623
2024-06-10,0.052329998016357425,0.044689998626708985
2024-06-11,0.05244999885559082,0.0440399980545044
2024-06-12,0.05243000030517578,0.04295000076293945
2024-06-13,0.05239999771118164,0.0423799991607666
2024-06-14,0.05239999771118164,0.04212999820709228
2024-06-17,0.05243000030517578,0.0427899980545044
2024-06-18,0.052350001335144045,0.04217000007629394
2024-06-20,0.052249999046325685,0.04254000186920166
2024-06-21,0.052150001525878904,0.042569999694824216
2024-06-24,0.052100000381469724,0.04248000144958496
2024-06-25,0.052230000495910645,0.0423799991607666
2024-06-26,0.052300000190734865,0.04315999984741211
2024-06-27,0.052230000495910645,0.04288000106811524
2024-06-28,0.052129998207092285,0.043429999351501464
2024-07-01,0.052179999351501465,0.044790000915527345
2024-07-02,0.052280001640319824,0.04435999870300293
2024-07-03,0.052300000190734865,0.043550000190734864
2024-07-05,0.052249999046325685,0.04271999835968018
2024-07-08,0.052179999351501465,0.042690000534057616
2024-07-09,0.052249999046325685,0.04300000190734863
2024-07-10,0.052249999046325685,0.042800002098083496
2024-07-11,0.05197999954223633,0.04192999839782715
2024-07-12,0.05197999954223633,0.04189000129699707
2024-07-15,0.05192999839782715,0.04229000091552734
2024-07-16,0.05192999839782715,0.041669998168945316
2024-07-17,0.05195000171661377,0.041459999084472655
2024-07-18,0.05192999839782715,0.04189000129699707
2024-07-19,0.05192999839782715,0.04238999843597412
2024-07-22,0.05190000057220459,0.042600002288818356
2024-07-23,0.05172999858856201,0.04238999843597412
2024-07-24,0.05170000076293945,0.04285999774932861
2024-07-25,0.05159999847412109,0.042560000419616696
2024-07-26,0.0515500020980835,0.04199999809265137
2024-07-29,0.05146999835968018,0.04177999973297119
2024-07-30,0.05135000228881836,0.041430001258850095
2024-07-31,0.05135000228881836,0.04109000205993652
2024-08-01,0.051149997711181644,0.039760000705718994
2024-08-02,0.050300002098083496,0.037920000553131106
2024-08-05,0.05059999942779541,0.037850000858306886
2024-08-06,0.05079999923706055,0.03888000011444092
2024-08-07,0.05079999923706055,0.03967999935150147
2024-08-08,0.05083000183105469,0.03996999979019165
2024-08-09,0.05074999809265137,0.03941999912261963
2024-08-12,0.05072999954223633,0.03908999919891357
2024-08-13,0.05052999973297119,0.03851999998092651
2024-08-14,0.05063000202178955,0.03819999933242798
2024-08-15,0.05079999923706055,0.03926000118255615
2024-08-16,0.05074999809265137,0.03891999959945679
2024-08-19,0.05063000202178955,0.03867000102996826
2024-08-20,0.050329999923706056,0.03818000078201294
2024-08-21,0.05005000114440918,0.037780001163482665
2024-08-22,0.050250000953674316,0.03861999988555908
2024-08-23,0.05,0.03806999921798706
2024-08-26,0.04998000144958496,0.03818000078201294
2024-08-27,0.04967999935150146,0.0383299994468689
2024-08-28,0.04954999923706055,0.038410000801086426
2024-08-29,0.04965000152587891,0.03867000102996826
2024-08-30,0.04967999935150146,0.03911000013351441
2024-09-03,0.0496999979019165,0.03844000101089477
2024-09-04,0.04947999954223633,0.037679998874664306
2024-09-05,0.04932000160217285,0.037309999465942385
2024-09-06,0.049079999923706055,0.037100000381469725
2024-09-09,0.048949999809265135,0.03697000026702881
2024-09-10,0.04835000038146973,0.03645999908447266
2024-09-11,0.04875,0.036530001163482664
2024-09-12,0.04840000152587891,0.036800000667572025
2024-09-13,0.04763000011444092,0.03650000095367432
2024-09-16,0.04744999885559082,0.03621000051498413
2024-09-17,0.04735000133514404,0.036419999599456784
2024-09-18,0.04614999771118164,0.03684999942779541
2024-09-19,0.045929999351501466,0.03740000009536743
2024-09-20,0.04545000076293945,0.03727999925613403
2024-09-23,0.04502999782562256,0.03739000082015991
2024-09-24,0.04494999885559082,0.037360000610351565
2024-09-25,0.044869999885559085,0.037809998989105226
2024-09-26,0.044679999351501465,0.03790999889373779
2024-09-27,0.044819998741149905,0.03749000072479248
2024-09-30,0.04498000144958496,0.03802000045776367
2024-10-01,0.044819998741149905,0.03743000030517578
2024-10-02,0.044730000495910645,0.037850000858306886
2024-10-03,0.044650001525878905,0.038499999046325686
2024-10-04,0.04505000114440918,0.03980999946594238
2024-10-07,0.04525000095367432,0.040260000228881834
2024-10-08,0.04527999877929687,0.040329999923706054
2024-10-09,0.04534999847412109,0.04066999912261963
2024-10-10,0.0453000020980835,0.04096000194549561
2024-10-11,0.04514999866485596,0.04072999954223633
2024-10-14,0.0451800012588501,0.04098000049591064
2024-10-15,0.04514999866485596,0.040380001068115234
2024-10-16,0.04502999782562256,0.040159997940063474
2024-10-17,0.04514999866485596,0.04096000194549561
2024-10-18,0.04513000011444092,0.04072999954223633
2024-10-21,0.0451800012588501,0.04182000160217285
2024-10-22,0.045,0.04203999996185303
2024-10-23,0.04505000114440918,0.04242000102996826
2024-10-24,0.044869999885559085,0.04199999809265137
2024-10-25,0.04510000228881836,0.0423199987411499
2024-10-28,0.044819998741149905,0.04277999877929688
2024-10-29,0.044800000190734865,0.042740001678466796
2024-10-30,0.044629998207092285,0.04265999794006348
2024-10-31,0.04432000160217285,0.04283999919891358
2024-11-01,0.04400000095367432,0.043610000610351564
2024-11-04,0.04418000221252441,0.04309000015258789
2024-11-05,0.04422999858856201,0.04289000034332276
2024-11-06,0.04429999828338623,0.04426000118255615
2024-11-07,0.04420000076293945,0.043410000801086424
2024-11-08,0.04422999858856201,0.04306000232696533
2024-11-11,0.04414999961853027,0.04308000087738037
2024-11-12,0.04422999858856201,0.04432000160217285
2024-11-13,0.04389999866485596,0.04451000213623047
2024-11-14,0.04382999897003174,0.04418000221252441
2024-11-15,0.0439300012588501,0.04427999973297119
2024-11-18,0.04402999877929688,0.04414000034332275
2024-11-19,0.04407999992370606,0.04379000186920166
2024-11-20,0.04409999847412109,0.04406000137329102
2024-11-21,0.04413000106811524,0.04432000160217285
2024-11-22,0.04414999961853027,0.04409999847412109
2024-11-25,0.0440500020980835,0.042649998664855956
2024-11-26,0.04394999980926514,0.04302000045776367
2024-11-27,0.04385000228881836,0.04242000102996826
2024-11-29,0.043730001449584964,0.04177999973297119
2024-12-02,0.04380000114440918,0.04196000099182129
2024-12-03,0.043569998741149904,0.04223000049591064
2024-12-04,0.043449997901916504,0.04179999828338623
2024-12-05,0.043299999237060544,0.04179999828338623
2024-12-06,0.04295000076293945,0.041510000228881835
2024-12-09,0.04293000221252442,0.04198999881744385
2024-12-10,0.0428499984741211,0.0422100019454956
2024-12-11,0.04255000114440918,0.042709999084472657
2024-12-12,0.04223000049591064,0.04323999881744385
2024-12-13,0.04217999935150146,0.0439900016784668
2024-12-16,0.04228000164031982,0.04396999835968018
2024-12-17,0.04239999771118164,0.04385000228881836
2024-12-18,0.0423199987411499,0.0449399995803833
2024-12-19,0.0421999979019165,0.04570000171661377
2024-12-20,0.04215000152587891,0.0452400016784668
2024-12-23,0.04215000152587891,0.045989999771118166
2024-12-24,0.04199999809265137,0.045910000801086426
2024-12-26,0.04215000152587891,0.045789999961853026
2024-12-27,0.04177999973297119,0.0461899995803833
2024-12-30,0.04182000160217285,0.04545000076293945
2024-12-31,0.04208000183105469,0.045729999542236326
